{"type":"FeatureCollection","features":[{"type":"Feature","properties":{"id":"excl-aristofanous-agiou-ioanni-theologou-sarantaporou-r","category":"excluded","street":"Αριστοφάνους","from":"Αγίου Ιωάννη Θεολόγου","to":"Σαρανταπόρου","side":"r","zone":"Α","zoneSource":"p1-strips","lengthM":113.2,"estSpots":0,"calmTraffic":false,"excludedReason":"Ανεπαρκές πλάτος","strips":1},"geometry":{"type":"Polygon","coordinates":[[[23.7896225,38.0007256],[23.7900029,38.0010058],[23.7905447,38.001429],[23.7905687,38.0014101],[23.7900266,38.0009857],[23.7896458,38.0007062],[23.7896225,38.0007256]]]}},{"type":"Feature","properties":{"id":"excl-aristofanous-xanthippou-agiou-ioanni-theologou-r","category":"excluded","street":"Αριστοφάνους","from":"Ξανθίππου","to":"Αγίου Ιωάννη Θεολόγου","side":"r","zone":"Α","zoneSource":"p1-strips","lengthM":90.9,"estSpots":0,"calmTraffic":false,"excludedReason":"Ανεπαρκές πλάτος","strips":1},"geometry":{"type":"Polygon","coordinates":[[[23.7888993,38.0000409],[23.7895625,38.0006686],[23.7895882,38.0006517],[23.7889256,38.0000233],[23.7888993,38.0000409]]]}},{"type":"Feature","properties":{"id":"excl-aristofanous-anastaseos-xanthippou-r","category":"excluded","street":"Αριστοφάνους","from":"Αναστάσεως","to":"Ξανθίππου","side":"r","zone":"Α","zoneSource":"p1-strips","lengthM":89.2,"estSpots":0,"calmTraffic":false,"excludedReason":"Ανεπαρκές πλάτος","strips":1},"geometry":{"type":"Polygon","coordinates":[[[23.788134,37.9993268],[23.7888338,37.9999745],[23.78886,37.9999571],[23.7881603,37.9993093],[23.788134,37.9993268]]]}},{"type":"Feature","properties":{"id":"excl-aspasias-ygeias-kyprou-r","category":"excluded","street":"Ασπασίας","from":"Υγείας","to":"Κύπρου","side":"r","zone":"Δ","zoneSource":"p1-strips","lengthM":77.0,"estSpots":0,"calmTraffic":false,"excludedReason":"Ανεπαρκές πλάτος","strips":1},"geometry":{"type":"Polygon","coordinates":[[[23.7871867,37.9953537],[23.7872372,37.9953942],[23.7873114,37.9954835],[23.7874493,37.995567],[23.7875794,37.9956777],[23.7877046,37.9957678],[23.7879083,37.9958974],[23.7879234,37.9958835],[23.787719,37.9957544],[23.787596,37.9956647],[23.7874644,37.9955531],[23.7873291,37.9954712],[23.7872547,37.9953828],[23.7872027,37.9953414],[23.7871867,37.9953537]]]}},{"type":"Feature","properties":{"id":"excl-aidiniou-nikomideias-efesou-r","category":"excluded","street":"Αϊδινίου","from":"Νικομήδειας","to":"Εφέσου","side":"r","zone":"Δ","zoneSource":"p1-strips","lengthM":100.8,"estSpots":0,"calmTraffic":false,"excludedReason":"Ανεπαρκές πλάτος","strips":1},"geometry":{"type":"Polygon","coordinates":[[[23.7889659,37.9956383],[23.7889823,37.9956612],[23.7892069,37.9955158],[23.789217,37.9955157],[23.7900415,37.9962917],[23.7900979,37.9962599],[23.7892673,37.9954894],[23.7891829,37.995489],[23.7889659,37.9956383]]]}},{"type":"Feature","properties":{"id":"excl-efesou-aidiniou-artemidos-r","category":"excluded","street":"Εφέσου","from":"Αϊδινίου","to":"Αρτέμιδος","side":"r","zone":"Δ","zoneSource":"p1-strips","lengthM":51.3,"estSpots":0,"calmTraffic":false,"excludedReason":"Ανεπαρκές πλάτος","strips":1},"geometry":{"type":"Polygon","coordinates":[[[23.7901062,37.9962602],[23.7901528,37.9963021],[23.7905838,37.9960126],[23.7905434,37.995956],[23.7901062,37.9962602]]]}},{"type":"Feature","properties":{"id":"excl-efesou-magnisias-kydonion-r","category":"excluded","street":"Εφέσου","from":"Μαγνησίας","to":"Κυδωνίων","side":"r","zone":"Δ","zoneSource":"p1-strips","lengthM":29.2,"estSpots":0,"calmTraffic":false,"excludedReason":"Ανεπαρκές πλάτος","strips":3},"geometry":{"type":"Polygon","coordinates":[[[23.7909673,37.995622],[23.7909956,37.9956471],[23.7909963,37.9956547],[23.791108,37.9956547],[23.7911575,37.9956224],[23.7909673,37.995622]]]}},{"type":"Feature","properties":{"id":"excl-kydonion-nikomideias-efesou-l","category":"excluded","street":"Κυδωνίων","from":"Νικομήδειας","to":"Εφέσου","side":"l","zone":"Δ","zoneSource":"p1-strips","lengthM":7.8,"estSpots":0,"calmTraffic":false,"excludedReason":null,"strips":1},"geometry":{"type":"Polygon","coordinates":[[[23.7910435,37.9956221],[23.7911575,37.9956224],[23.7914135,37.9954538],[23.7913495,37.995406],[23.7910435,37.9956221]]]}},{"type":"Feature","properties":{"id":"excl-magnisias-nikomideias-efesou-l","category":"excluded","street":"Μαγνησίας","from":"Νικομήδειας","to":"Εφέσου","side":"l","zone":"Δ","zoneSource":"p1-strips","lengthM":6.4,"estSpots":0,"calmTraffic":false,"excludedReason":"Ανεπαρκές πλάτος","strips":1},"geometry":{"type":"Polygon","coordinates":[[[23.7905993,37.9959346],[23.7906597,37.9959578],[23.7906624,37.9959497],[23.791108,37.9956547],[23.7909961,37.9956547],[23.7905993,37.9959346]]]}},{"type":"Feature","properties":{"id":"excl-magnisias-nikomideias-efesou-r","category":"excluded","street":"Μαγνησίας","from":"Νικομήδειας","to":"Εφέσου","side":"r","zone":"Δ","zoneSource":"p1-strips","lengthM":122.2,"estSpots":0,"calmTraffic":false,"excludedReason":"Ανεπαρκές πλάτος","strips":1},"geometry":{"type":"Polygon","coordinates":[[[23.7899959,37.9948596],[23.790097,37.9948611],[23.7909664,37.9956214],[23.7910346,37.9956223],[23.7901029,37.9948313],[23.7900246,37.9948309],[23.7899959,37.9948596]]]}},{"type":"Feature","properties":{"id":"excl-magnisias-kyprou-nikomideias-l","category":"excluded","street":"Μαγνησίας","from":"Κύπρου","to":"Νικομήδειας","side":"l","zone":"Δ","zoneSource":"p1-strips","lengthM":7.6,"estSpots":0,"calmTraffic":false,"excludedReason":null,"strips":1},"geometry":{"type":"Polygon","coordinates":[[[23.7897423,37.9951192],[23.7897685,37.9951532],[23.7900865,37.9948599],[23.7899959,37.9948596],[23.7897423,37.9951192]]]}},{"type":"Feature","properties":{"id":"excl-mesogeion-kyprou-anastaseos-r","category":"excluded","street":"Μεσογείων","from":"Κύπρου","to":"Αναστάσεως","side":"r","zone":"Δ","zoneSource":"p1-strips","lengthM":229.4,"estSpots":0,"calmTraffic":false,"excludedReason":"Ειδικό καθεστώς","strips":1},"geometry":{"type":"Polygon","coordinates":[[[23.7846012,37.9989384],[23.7848363,37.9991597],[23.7852394,37.9994599],[23.7858424,37.9998368],[23.7863031,38.0001177],[23.7865686,38.0002704],[23.7865894,38.0002484],[23.7863233,38.0000962],[23.7855923,37.999648],[23.785262,37.99944],[23.7848612,37.9991412],[23.7846274,37.9989207],[23.7846012,37.9989384]]]}},{"type":"Feature","properties":{"id":"excl-nikomideias-fokaias-smyrnis-r","category":"excluded","street":"Νικομήδειας","from":"Φώκαιας","to":"Σμύρνης","side":"r","zone":"Δ","zoneSource":"p1-strips","lengthM":90.2,"estSpots":0,"calmTraffic":false,"excludedReason":"Ανεπαρκές πλάτος","strips":2},"geometry":{"type":"Polygon","coordinates":[[[23.7903427,37.9944072],[23.7904046,37.9944314],[23.7907093,37.9941305],[23.7907501,37.9941291],[23.7907299,37.9941107],[23.7907303,37.9941048],[23.7911096,37.9937684],[23.7910677,37.9937501],[23.7903427,37.9944072]]]}},{"type":"Feature","properties":{"id":"excl-nikomideias-magnisias-kydonion-r","category":"excluded","street":"Νικομήδειας","from":"Μαγνησίας","to":"Κυδωνίων","side":"r","zone":"Δ","zoneSource":"p1-strips","lengthM":53.7,"estSpots":0,"calmTraffic":false,"excludedReason":"Ανεπαρκές πλάτος","strips":3},"geometry":{"type":"Polygon","coordinates":[[[23.7900246,37.9948308],[23.7901029,37.9948312],[23.7900993,37.9948211],[23.7903654,37.9944828],[23.7903162,37.9944607],[23.7900657,37.9947639],[23.7900246,37.9948308]]]}},{"type":"Feature","properties":{"id":"excl-nikomideias-aidiniou-artemidos-r","category":"excluded","street":"Νικομήδειας","from":"Αϊδινίου","to":"Αρτέμιδος","side":"r","zone":"Δ","zoneSource":"p1-strips","lengthM":61.1,"estSpots":0,"calmTraffic":false,"excludedReason":"Ανεπαρκές πλάτος","strips":2},"geometry":{"type":"Polygon","coordinates":[[[23.7891829,37.995489],[23.7892673,37.9954894],[23.7892704,37.995482],[23.7896941,37.9951932],[23.7896625,37.9951608],[23.7891829,37.995489]]]}},{"type":"Feature","properties":{"id":"excl-smyrnis-nikomideias-efesou-l","category":"excluded","street":"Σμύρνης","from":"Νικομήδειας","to":"Εφέσου","side":"l","zone":"Δ","zoneSource":"p1-strips","lengthM":9.4,"estSpots":0,"calmTraffic":false,"excludedReason":null,"strips":1},"geometry":{"type":"Polygon","coordinates":[[[23.7917911,37.9950937],[23.7919627,37.9950942],[23.7921919,37.9949438],[23.792132,37.9948869],[23.7917911,37.9950937]]]}},{"type":"Feature","properties":{"id":"excl-fokaias-nikomideias-efesou-l","category":"excluded","street":"Φώκαιας","from":"Νικομήδειας","to":"Εφέσου","side":"l","zone":"Δ","zoneSource":"p1-strips","lengthM":9.5,"estSpots":0,"calmTraffic":false,"excludedReason":"Ανεπαρκές πλάτος","strips":1},"geometry":{"type":"Polygon","coordinates":[[[23.7914404,37.9953422],[23.7914714,37.9954181],[23.7919264,37.9951182],[23.7917596,37.9951178],[23.7914404,37.9953422]]]}},{"type":"Feature","properties":{"id":"excl-fokaias-nikomideias-efesou-r","category":"excluded","street":"Φώκαιας","from":"Νικομήδειας","to":"Εφέσου","side":"r","zone":"Δ","zoneSource":"p1-strips","lengthM":150.9,"estSpots":0,"calmTraffic":false,"excludedReason":"Ανεπαρκές πλάτος","strips":3},"geometry":{"type":"Polygon","coordinates":[[[23.7907157,37.994129],[23.7917582,37.9951096],[23.7917596,37.9951178],[23.7919264,37.9951182],[23.7919627,37.9950942],[23.7917829,37.9950923],[23.7907502,37.9941292],[23.7907157,37.994129]]]}},{"type":"Feature","properties":{"id":"moto-agiou-ioanni-theologou-thoukydidou-aristofanous-r","category":"motorcycles","street":"Αγίου Ιωάννη Θεολόγου","from":"Θουκυδίδου","to":"Αριστοφάνους","side":"r","zone":"Α","zoneSource":"p1-strips","lengthM":9.5,"estSpots":9,"calmTraffic":false,"excludedReason":null,"strips":1},"geometry":{"type":"Polygon","coordinates":[[[23.7890905,38.0009968],[23.789112,38.001017],[23.7891944,38.0009617],[23.7891722,38.0009409],[23.7890905,38.0009968]]]}},{"type":"Feature","properties":{"id":"moto-aetideon-mesogeion-metonos-r","category":"motorcycles","street":"Αετιδέων","from":"Μεσογείων","to":"Μέτωνος","side":"r","zone":"Α","zoneSource":"p1-strips","lengthM":6.1,"estSpots":6,"calmTraffic":false,"excludedReason":null,"strips":1},"geometry":{"type":"Polygon","coordinates":[[[23.7925625,38.0027835],[23.7925872,38.0028019],[23.7926348,38.0027617],[23.7926101,38.0027433],[23.7925625,38.0027835]]]}},{"type":"Feature","properties":{"id":"moto-aristotelous-menippou-psaron-r","category":"motorcycles","street":"Αριστοτέλους","from":"Μενίππου","to":"Ψαρών","side":"r","zone":"Γ","zoneSource":"polygon","lengthM":10.1,"estSpots":9,"calmTraffic":false,"excludedReason":null,"strips":1},"geometry":{"type":"Polygon","coordinates":[[[23.8051924,38.0060984],[23.8052225,38.0061114],[23.805276,38.006032],[23.805246,38.0060191],[23.8051924,38.0060984]]]}},{"type":"Feature","properties":{"id":"moto-aristotelous-mesogeion-chrysanthemon-r","category":"motorcycles","street":"Αριστοτέλους","from":"Μεσογείων","to":"Χρυσανθέμων","side":"r","zone":"Γ","zoneSource":"polygon","lengthM":12.5,"estSpots":10,"calmTraffic":false,"excludedReason":null,"strips":1},"geometry":{"type":"Polygon","coordinates":[[[23.8040058,38.0079081],[23.8040307,38.0079188],[23.8040963,38.0078188],[23.8040708,38.0078087],[23.8040058,38.0079081]]]}},{"type":"Feature","properties":{"id":"moto-arkadiou-menippou-zacharia-papantoniou-r","category":"motorcycles","street":"Αρκαδίου","from":"Μενίππου","to":"Ζαχαρία Παπαντωνίου","side":"r","zone":"Γ","zoneSource":"p1-strips","lengthM":8.9,"estSpots":8,"calmTraffic":false,"excludedReason":null,"strips":1},"geometry":{"type":"Polygon","coordinates":[[[23.8065397,38.0066414],[23.8065704,38.0066538],[23.8066177,38.0065832],[23.806587,38.0065708],[23.8065397,38.0066414]]]}},{"type":"Feature","properties":{"id":"moto-arkadiou-zacharia-papantoniou-psaron-r","category":"motorcycles","street":"Αρκαδίου","from":"Ζαχαρία Παπαντωνίου","to":"Ψαρών","side":"r","zone":"Γ","zoneSource":"p1-strips","lengthM":4.7,"estSpots":4,"calmTraffic":false,"excludedReason":null,"strips":1},"geometry":{"type":"Polygon","coordinates":[[[23.807162,38.005691],[23.8071921,38.005704],[23.8072161,38.0056665],[23.8071862,38.0056546],[23.807162,38.005691]]]}},{"type":"Feature","properties":{"id":"moto-artemidos-kyprou-nikomideias-r","category":"motorcycles","street":"Αρτέμιδος","from":"Κύπρου","to":"Νικομήδειας","side":"r","zone":"Δ","zoneSource":"p1-strips","lengthM":9.6,"estSpots":9,"calmTraffic":false,"excludedReason":null,"strips":1},"geometry":{"type":"Polygon","coordinates":[[[23.7895518,37.9950563],[23.7896236,37.9951198],[23.7896491,37.9951017],[23.7895773,37.9950382],[23.7895518,37.9950563]]]}},{"type":"Feature","properties":{"id":"moto-artemidos-nikomideias-efesou-r","category":"motorcycles","street":"Αρτέμιδος","from":"Νικομήδειας","to":"Εφέσου","side":"r","zone":"Δ","zoneSource":"p1-strips","lengthM":8.0,"estSpots":7,"calmTraffic":false,"excludedReason":null,"strips":1},"geometry":{"type":"Polygon","coordinates":[[[23.7904419,37.9958583],[23.7905018,37.9959115],[23.7905275,37.9958944],[23.7904674,37.9958402],[23.7904419,37.9958583]]]}},{"type":"Feature","properties":{"id":"moto-artemidos-korytsas-anastaseos-r","category":"motorcycles","street":"Αρτέμιδος","from":"Κορυτσάς","to":"Αναστάσεως","side":"r","zone":"Δ","zoneSource":"p1-strips","lengthM":5.1,"estSpots":5,"calmTraffic":false,"excludedReason":null,"strips":1},"geometry":{"type":"Polygon","coordinates":[[[23.7913758,37.9967578],[23.7914119,37.9967931],[23.7914389,37.9967759],[23.7914015,37.9967408],[23.7913758,37.9967578]]]}},{"type":"Feature","properties":{"id":"moto-artemidos-anastaseos-xanthippou-r","category":"motorcycles","street":"Αρτέμιδος","from":"Αναστάσεως","to":"Ξανθίππου","side":"r","zone":"Α","zoneSource":"p1-strips","lengthM":7.1,"estSpots":7,"calmTraffic":false,"excludedReason":null,"strips":1},"geometry":{"type":"Polygon","coordinates":[[[23.7918677,37.9971993],[23.7919189,37.9972489],[23.7919451,37.9972313],[23.7918933,37.9971823],[23.7918677,37.9971993]]]}},{"type":"Feature","properties":{"id":"moto-artemidos-agiou-ioanni-theologou-sarantaporou-r","category":"motorcycles","street":"Αρτέμιδος","from":"Αγίου Ιωάννη Θεολόγου","to":"Σαρανταπόρου","side":"r","zone":"Α","zoneSource":"p1-strips","lengthM":7.7,"estSpots":8,"calmTraffic":false,"excludedReason":null,"strips":1},"geometry":{"type":"Polygon","coordinates":[[[23.7935337,37.9986937],[23.7935963,37.9987417],[23.7936215,37.9987215],[23.7935589,37.9986735],[23.7935337,37.9986937]]]}},{"type":"Feature","properties":{"id":"moto-aspasias-ymittou-aetideon-r","category":"motorcycles","street":"Ασπασίας","from":"Υμηττού","to":"Αετιδέων","side":"r","zone":"Α","zoneSource":"p1-strips","lengthM":15.7,"estSpots":15,"calmTraffic":false,"excludedReason":null,"strips":1},"geometry":{"type":"Polygon","coordinates":[[[23.7936509,38.0007245],[23.7937811,38.0008217],[23.7938044,38.0008021],[23.7936741,38.000705],[23.7936509,38.0007245]]]}},{"type":"Feature","properties":{"id":"moto-aspasias-ventouri-faneromenis-r","category":"motorcycles","street":"Ασπασίας","from":"Βεντούρη","to":"Φανερωμένης","side":"r","zone":"Β","zoneSource":"p1-strips","lengthM":8.5,"estSpots":4,"calmTraffic":false,"excludedReason":null,"strips":1},"geometry":{"type":"Polygon","coordinates":[[[23.7968872,38.0031538],[23.7969382,38.0031925],[23.7969568,38.0032071],[23.7969676,38.0031924],[23.796906,38.0031461],[23.7968872,38.0031538]]]}},{"type":"Feature","properties":{"id":"moto-aidiniou-nikomideias-efesou-l","category":"motorcycles","street":"Αϊδινίου","from":"Νικομήδειας","to":"Εφέσου","side":"l","zone":"Δ","zoneSource":"p1-strips","lengthM":3.2,"estSpots":5,"calmTraffic":false,"excludedReason":"Ανεπαρκές πλάτος","strips":1},"geometry":{"type":"Polygon","coordinates":[[[23.7898491,37.9964164],[23.7898707,37.9964378],[23.7899204,37.9964066],[23.7898994,37.9963857],[23.7898491,37.9964164]]]}},{"type":"Feature","properties":{"id":"moto-ventouri-mesogeion-agamemnonos-l","category":"motorcycles","street":"Βεντούρη","from":"Μεσογείων","to":"Αγαμέμνονος","side":"l","zone":"Β","zoneSource":"p1-strips","lengthM":3.4,"estSpots":1,"calmTraffic":false,"excludedReason":null,"strips":2},"geometry":{"type":"Polygon","coordinates":[[[23.7941545,38.004175],[23.7941547,38.004181],[23.7941618,38.0041826],[23.7941639,38.0041877],[23.7941845,38.004188],[23.7941836,38.0041816],[23.7941762,38.0041797],[23.7941749,38.0041742],[23.7941545,38.004175]]]}},{"type":"Feature","properties":{"id":"moto-voutsina-ventouri-faneromenis-l","category":"motorcycles","street":"Βουτσινά","from":"Βεντούρη","to":"Φανερωμένης","side":"l","zone":"Β","zoneSource":"p1-strips","lengthM":9.2,"estSpots":13,"calmTraffic":false,"excludedReason":null,"strips":1},"geometry":{"type":"Polygon","coordinates":[[[23.7965553,38.0039036],[23.7965647,38.0040467],[23.7965915,38.0040616],[23.7965799,38.0038839],[23.7965553,38.0039036]]]}},{"type":"Feature","properties":{"id":"moto-voutsina-perikleous-ventouri-r","category":"motorcycles","street":"Βουτσινά","from":"Περικλέους","to":"Βεντούρη","side":"r","zone":"Β","zoneSource":"p1-strips","lengthM":21.8,"estSpots":21,"calmTraffic":false,"excludedReason":null,"strips":1},"geometry":{"type":"Polygon","coordinates":[[[23.7946631,38.0024273],[23.7948437,38.0025628],[23.7948675,38.0025427],[23.7946871,38.0024083],[23.7946631,38.0024273]]]}},{"type":"Feature","properties":{"id":"moto-voutsina-aetideon-perikleous-r","category":"motorcycles","street":"Βουτσινά","from":"Αετιδέων","to":"Περικλέους","side":"r","zone":"Α","zoneSource":"polygon","lengthM":8.3,"estSpots":8,"calmTraffic":false,"excludedReason":null,"strips":1},"geometry":{"type":"Polygon","coordinates":[[[23.7939504,38.0018844],[23.7940164,38.0019365],[23.7940403,38.0019174],[23.7939751,38.0018659],[23.7939504,38.0018844]]]}},{"type":"Feature","properties":{"id":"moto-voutsina-agiou-ioanni-theologou-sarantaporou-r","category":"motorcycles","street":"Βουτσινά","from":"Αγίου Ιωάννη Θεολόγου","to":"Σαρανταπόρου","side":"r","zone":"Α","zoneSource":"p1-strips","lengthM":16.5,"estSpots":15,"calmTraffic":false,"excludedReason":null,"strips":1},"geometry":{"type":"Polygon","coordinates":[[[23.7913554,37.999885],[23.7914905,37.9999872],[23.7915137,37.9999677],[23.7913792,37.9998649],[23.7913554,37.999885]]]}},{"type":"Feature","properties":{"id":"moto-doridos-chiou-menippou-r","category":"motorcycles","street":"Δωρίδος","from":"Χίου","to":"Μενίππου","side":"r","zone":"Β","zoneSource":"polygon","lengthM":8.8,"estSpots":8,"calmTraffic":false,"excludedReason":null,"strips":1},"geometry":{"type":"Polygon","coordinates":[[[23.8015718,38.005975],[23.801604,38.0059845],[23.8016406,38.005911],[23.8016089,38.0059009],[23.8015718,38.005975]]]}},{"type":"Feature","properties":{"id":"moto-doridos-menippou-psaron-r","category":"motorcycles","street":"Δωρίδος","from":"Μενίππου","to":"Ψαρών","side":"r","zone":"Β","zoneSource":"polygon","lengthM":6.9,"estSpots":7,"calmTraffic":false,"excludedReason":null,"strips":1},"geometry":{"type":"Polygon","coordinates":[[[23.8020352,38.0050223],[23.8020674,38.0050319],[23.8020939,38.0049735],[23.8020616,38.004964],[23.8020352,38.0050223]]]}},{"type":"Feature","properties":{"id":"moto-elevtheriou-venizelou-anastaseos-xanthippou-l","category":"motorcycles","street":"Ελευθερίου Βενιζέλου","from":"Αναστάσεως","to":"Ξανθίππου","side":"l","zone":"Α","zoneSource":"p1-strips","lengthM":3.1,"estSpots":4,"calmTraffic":false,"excludedReason":null,"strips":1},"geometry":{"type":"Polygon","coordinates":[[[23.7913834,37.9983141],[23.7914043,37.998335],[23.7914413,37.9983115],[23.7914191,37.9982907],[23.7913834,37.9983141]]]}},{"type":"Feature","properties":{"id":"moto-elevtheriou-venizelou-sarantaporou-ymittou-r","category":"motorcycles","street":"Ελευθερίου Βενιζέλου","from":"Σαρανταπόρου","to":"Υμηττού","side":"r","zone":"Α","zoneSource":"p1-strips","lengthM":7.1,"estSpots":7,"calmTraffic":false,"excludedReason":null,"strips":1},"geometry":{"type":"Polygon","coordinates":[[[23.7938019,38.000019],[23.7938598,38.0000631],[23.7938837,38.000043],[23.7938251,37.9999995],[23.7938019,38.000019]]]}},{"type":"Feature","properties":{"id":"moto-elevtheriou-venizelou-ymittou-aetideon-r","category":"motorcycles","street":"Ελευθερίου Βενιζέλου","from":"Υμηττού","to":"Αετιδέων","side":"r","zone":"Α","zoneSource":"p1-strips","lengthM":8.7,"estSpots":8,"calmTraffic":false,"excludedReason":null,"strips":1},"geometry":{"type":"Polygon","coordinates":[[[23.7947712,38.0007615],[23.7948422,38.0008147],[23.7948662,38.0007957],[23.7947944,38.000742],[23.7947712,38.0007615]]]}},{"type":"Feature","properties":{"id":"moto-elevtheriou-venizelou-perikleous-ventouri-l","category":"motorcycles","street":"Ελευθερίου Βενιζέλου","from":"Περικλέους","to":"Βεντούρη","side":"l","zone":"Β","zoneSource":"p1-strips","lengthM":3.1,"estSpots":5,"calmTraffic":false,"excludedReason":null,"strips":1},"geometry":{"type":"Polygon","coordinates":[[[23.7963283,38.0020834],[23.7963537,38.0021022],[23.7963922,38.0020699],[23.7963681,38.0020509],[23.7963283,38.0020834]]]}},{"type":"Feature","properties":{"id":"moto-thoukydidou-anastaseos-xanthippou-r","category":"motorcycles","street":"Θουκυδίδου","from":"Αναστάσεως","to":"Ξανθίππου","side":"r","zone":"Α","zoneSource":"p1-strips","lengthM":9.7,"estSpots":9,"calmTraffic":false,"excludedReason":null,"strips":1},"geometry":{"type":"Polygon","coordinates":[[[23.7880455,38.0001688],[23.7881144,38.0002363],[23.7881414,38.0002192],[23.7880719,38.0001523],[23.7880455,38.0001688]]]}},{"type":"Feature","properties":{"id":"moto-korytsas-artemidos-kydonion-r","category":"motorcycles","street":"Κορυτσάς","from":"Αρτέμιδος","to":"Κυδωνίων","side":"r","zone":"Δ","zoneSource":"p1-strips","lengthM":5.0,"estSpots":5,"calmTraffic":false,"excludedReason":null,"strips":1},"geometry":{"type":"Polygon","coordinates":[[[23.7912357,37.9961775],[23.7912587,37.9961987],[23.7913025,37.9961697],[23.7912794,37.9961485],[23.7912357,37.9961775]]]}},{"type":"Feature","properties":{"id":"moto-kydonion-kyprou-nikomideias-r","category":"motorcycles","street":"Κυδωνίων","from":"Κύπρου","to":"Νικομήδειας","side":"r","zone":"Δ","zoneSource":"p1-strips","lengthM":6.6,"estSpots":6,"calmTraffic":false,"excludedReason":null,"strips":1},"geometry":{"type":"Polygon","coordinates":[[[23.7902078,37.9943723],[23.7902689,37.9944047],[23.7902883,37.9943829],[23.7902265,37.99435],[23.7902078,37.9943723]]]}},{"type":"Feature","properties":{"id":"moto-kyprou-mesogeion-tsigante-r","category":"motorcycles","street":"Κύπρου","from":"Μεσογείων","to":"Τσιγάντε","side":"r","zone":"Δ","zoneSource":"p1-strips","lengthM":17.0,"estSpots":16,"calmTraffic":false,"excludedReason":null,"strips":1},"geometry":{"type":"Polygon","coordinates":[[[23.7845572,37.9986577],[23.7845813,37.9986767],[23.7847161,37.9985665],[23.7846915,37.9985482],[23.7845572,37.9986577]]]}},{"type":"Feature","properties":{"id":"moto-kyprou-kydonion-end-r","category":"motorcycles","street":"Κύπρου","from":"Κυδωνίων","to":null,"side":"r","zone":"Δ","zoneSource":"p1-strips","lengthM":17.0,"estSpots":16,"calmTraffic":false,"excludedReason":null,"strips":2},"geometry":{"type":"MultiPolygon","coordinates":[[[[23.7900954,37.9937938],[23.7901764,37.9937005],[23.7901487,37.9936851],[23.7900664,37.9937785],[23.7900954,37.9937938]]],[[[23.7900377,37.9938589],[23.7900659,37.9938269],[23.7900383,37.9938116],[23.79001,37.9938435],[23.7900377,37.9938589]]]]}},{"type":"Feature","properties":{"id":"moto-kyprou-tsigante-tsiaka-l","category":"motorcycles","street":"Κύπρου","from":"Τσιγάντε","to":"Τσιάκα","side":"l","zone":"Δ","zoneSource":"p1-strips","lengthM":12.5,"estSpots":12,"calmTraffic":false,"excludedReason":null,"strips":1},"geometry":{"type":"Polygon","coordinates":[[[23.7867098,37.9970708],[23.7867338,37.9970897],[23.7868339,37.9970094],[23.7868092,37.996991],[23.7867098,37.9970708]]]}},{"type":"Feature","properties":{"id":"moto-lochagou-dedousi-menippou-psaron-r","category":"motorcycles","street":"Λοχαγού Δεδούση","from":"Μενίππου","to":"Ψαρών","side":"r","zone":"Γ","zoneSource":"polygon","lengthM":4.9,"estSpots":5,"calmTraffic":false,"excludedReason":null,"strips":1},"geometry":{"type":"Polygon","coordinates":[[[23.805861,38.0063682],[23.8058923,38.00638],[23.8059167,38.0063408],[23.8058861,38.0063284],[23.805861,38.0063682]]]}},{"type":"Feature","properties":{"id":"moto-menippou-doridos-17is-noemvriou-r","category":"motorcycles","street":"Μενίππου","from":"Δωρίδος","to":"17ης Νοεμβρίου","side":"r","zone":"Β","zoneSource":"p1-strips","lengthM":9.6,"estSpots":9,"calmTraffic":false,"excludedReason":null,"strips":1},"geometry":{"type":"Polygon","coordinates":[[[23.8022987,38.0051991],[23.8023983,38.0052323],[23.8024111,38.0052072],[23.8023115,38.005174],[23.8022987,38.0051991]]]}},{"type":"Feature","properties":{"id":"moto-menippou-aristotelous-lochagou-dedousi-r","category":"motorcycles","street":"Μενίππου","from":"Αριστοτέλους","to":"Λοχαγού Δεδούση","side":"r","zone":"Γ","zoneSource":"p1-strips","lengthM":13.7,"estSpots":13,"calmTraffic":false,"excludedReason":null,"strips":1},"geometry":{"type":"Polygon","coordinates":[[[23.8054057,38.0062836],[23.8055457,38.0063391],[23.80556,38.006315],[23.8054208,38.0062599],[23.8054057,38.0062836]]]}},{"type":"Feature","properties":{"id":"moto-mesogeion-ventouri-faneromenis-r","category":"motorcycles","street":"Μεσογείων","from":"Βεντούρη","to":"Φανερωμένης","side":"r","zone":"Β","zoneSource":"p1-strips","lengthM":44.1,"estSpots":17,"calmTraffic":false,"excludedReason":null,"strips":19},"geometry":{"type":"MultiPolygon","coordinates":[[[[23.7941797,38.0041962],[23.7941824,38.0042012],[23.7941958,38.0042029],[23.794198,38.0042139],[23.7942108,38.0042147],[23.7942142,38.004226],[23.7942289,38.0042282],[23.7942303,38.0042381],[23.7942442,38.0042395],[23.7942465,38.0042502],[23.7942726,38.00425],[23.7942716,38.0042387],[23.7942584,38.0042372],[23.7942554,38.0042266],[23.7942421,38.0042249],[23.7942398,38.0042139],[23.7942265,38.0042128],[23.7942238,38.0042029],[23.794206,38.0042021],[23.7941936,38.0041888],[23.7941729,38.0041885],[23.7941725,38.0041951],[23.7941797,38.0041962]]],[[[23.794508,38.0044383],[23.7945113,38.0044491],[23.7945261,38.0044516],[23.7945275,38.0044612],[23.7945412,38.004463],[23.7945438,38.0044744],[23.7945699,38.0044741],[23.7945696,38.0044633],[23.7945559,38.0044615],[23.7945533,38.0044501],[23.7945396,38.0044485],[23.7945371,38.004438],[23.7945234,38.0044365],[23.7945215,38.0044254],[23.7944949,38.0044262],[23.7944958,38.0044375],[23.794508,38.0044383]]],[[[23.7947816,38.0046535],[23.7947885,38.004655],[23.7948001,38.004667],[23.7948126,38.0046684],[23.7948149,38.0046792],[23.7948288,38.0046807],[23.7948311,38.0046913],[23.794845,38.0046927],[23.7948473,38.0047034],[23.7948612,38.0047048],[23.7948635,38.0047155],[23.7948774,38.0047169],[23.7948797,38.0047276],[23.7949057,38.0047273],[23.7949047,38.004716],[23.7948914,38.0047143],[23.7948891,38.0047034],[23.7948753,38.0047019],[23.794873,38.0046913],[23.7948591,38.0046898],[23.7948568,38.0046792],[23.7948429,38.0046777],[23.7948406,38.0046671],[23.7948224,38.004666],[23.7948197,38.0046608],[23.7948032,38.0046519],[23.7948019,38.0046467],[23.7947944,38.004645],[23.7947925,38.0046389],[23.794772,38.0046397],[23.7947716,38.0046462],[23.7947792,38.0046477],[23.7947816,38.0046535]]]]}},{"type":"Feature","properties":{"id":"moto-miltiadou-ikarias-agiou-gerasimou-r","category":"motorcycles","street":"Μιλτιάδου","from":"Ικαρίας","to":"Αγίου Γερασίμου","side":"r","zone":"Β","zoneSource":"p1-strips","lengthM":8.0,"estSpots":7,"calmTraffic":false,"excludedReason":null,"strips":1},"geometry":{"type":"Polygon","coordinates":[[[23.7990737,38.0037972],[23.7991054,38.0038074],[23.7991396,38.0037412],[23.7991085,38.0037305],[23.7990737,38.0037972]]]}},{"type":"Feature","properties":{"id":"moto-miltiadou-mesogeion-agamemnonos-r","category":"motorcycles","street":"Μιλτιάδου","from":"Μεσογείων","to":"Αγαμέμνονος","side":"r","zone":"Β","zoneSource":"p1-strips","lengthM":17.0,"estSpots":16,"calmTraffic":false,"excludedReason":null,"strips":1},"geometry":{"type":"Polygon","coordinates":[[[23.7980083,38.005895],[23.7980408,38.0059056],[23.7981134,38.0057642],[23.7980823,38.0057535],[23.7980083,38.005895]]]}},{"type":"Feature","properties":{"id":"moto-nik-vitali-menippou-psaron-r","category":"motorcycles","street":"Νικ. Βιτάλη","from":"Μενίππου","to":"Ψαρών","side":"r","zone":"Β","zoneSource":"polygon","lengthM":7.1,"estSpots":7,"calmTraffic":false,"excludedReason":null,"strips":1},"geometry":{"type":"Polygon","coordinates":[[[23.8012993,38.0047756],[23.801332,38.0047834],[23.8013561,38.0047236],[23.8013233,38.0047147],[23.8012993,38.0047756]]]}},{"type":"Feature","properties":{"id":"moto-xanthippou-aspasias-elevtheriou-venizelou-r","category":"motorcycles","street":"Ξανθίππου","from":"Ασπασίας","to":"Ελευθερίου Βενιζέλου","side":"r","zone":"Α","zoneSource":"p1-strips","lengthM":5.0,"estSpots":5,"calmTraffic":false,"excludedReason":null,"strips":1},"geometry":{"type":"Polygon","coordinates":[[[23.7910603,37.9985263],[23.7910813,37.9985472],[23.7911259,37.9985198],[23.7911037,37.998499],[23.7910603,37.9985263]]]}},{"type":"Feature","properties":{"id":"moto-xanthippou-metonos-voutsina-r","category":"motorcycles","street":"Ξανθίππου","from":"Μέτωνος","to":"Βουτσινά","side":"r","zone":"Α","zoneSource":"p1-strips","lengthM":12.7,"estSpots":12,"calmTraffic":false,"excludedReason":null,"strips":1},"geometry":{"type":"Polygon","coordinates":[[[23.789716,37.9994225],[23.7897383,37.9994432],[23.7898489,37.9993695],[23.7898274,37.9993492],[23.789716,37.9994225]]]}},{"type":"Feature","properties":{"id":"moto-xanthippou-mesogeion-thoukydidou-r","category":"motorcycles","street":"Ξανθίππου","from":"Μεσογείων","to":"Θουκυδίδου","side":"r","zone":"Α","zoneSource":"p1-strips","lengthM":5.8,"estSpots":5,"calmTraffic":false,"excludedReason":null,"strips":1},"geometry":{"type":"Polygon","coordinates":[[[23.7877268,38.000743],[23.7877491,38.0007637],[23.787799,38.0007298],[23.7877775,38.0007095],[23.7877268,38.000743]]]}},{"type":"Feature","properties":{"id":"moto-panagi-tsaldari-menippou-psaron-r","category":"motorcycles","street":"Παναγή Τσαλδάρη","from":"Μενίππου","to":"Ψαρών","side":"r","zone":"Γ","zoneSource":"polygon","lengthM":6.9,"estSpots":6,"calmTraffic":false,"excludedReason":null,"strips":1},"geometry":{"type":"Polygon","coordinates":[[[23.8039945,38.0056704],[23.804025,38.0056817],[23.8040579,38.0056254],[23.8040261,38.0056142],[23.8039945,38.0056704]]]}},{"type":"Feature","properties":{"id":"moto-perikleous-elevtheriou-venizelou-katsibiri-l","category":"motorcycles","street":"Περικλέους","from":"Ελευθερίου Βενιζέλου","to":"Κατσιμπίρη","side":"l","zone":"Β","zoneSource":"p1-strips","lengthM":3.0,"estSpots":6,"calmTraffic":false,"excludedReason":null,"strips":1},"geometry":{"type":"Polygon","coordinates":[[[23.795821,38.0015233],[23.7958712,38.0015615],[23.7958952,38.0015425],[23.7958442,38.0015037],[23.795821,38.0015233]]]}},{"type":"Feature","properties":{"id":"moto-pythagora-mesogeion-chiou-r","category":"motorcycles","street":"Πυθαγόρα","from":"Μεσογείων","to":"Χίου","side":"r","zone":"Β","zoneSource":"p1-strips","lengthM":8.1,"estSpots":8,"calmTraffic":false,"excludedReason":null,"strips":1},"geometry":{"type":"Polygon","coordinates":[[[23.7986585,38.0062964],[23.7986903,38.0063076],[23.7987272,38.0062412],[23.7986962,38.0062305],[23.7986585,38.0062964]]]}},{"type":"Feature","properties":{"id":"moto-pythagora-chiou-ikarias-r","category":"motorcycles","street":"Πυθαγόρα","from":"Χίου","to":"Ικαρίας","side":"r","zone":"Β","zoneSource":"p1-strips","lengthM":17.1,"estSpots":16,"calmTraffic":false,"excludedReason":null,"strips":1},"geometry":{"type":"Polygon","coordinates":[[[23.7992357,38.0052768],[23.7992674,38.0052869],[23.7993428,38.0051464],[23.799311,38.0051352],[23.7992357,38.0052768]]]}},{"type":"Feature","properties":{"id":"moto-pythagora-ikarias-agiou-gerasimou-r","category":"motorcycles","street":"Πυθαγόρα","from":"Ικαρίας","to":"Αγίου Γερασίμου","side":"r","zone":"Β","zoneSource":"p1-strips","lengthM":4.2,"estSpots":4,"calmTraffic":false,"excludedReason":null,"strips":1},"geometry":{"type":"Polygon","coordinates":[[[23.7998391,38.0041092],[23.799872,38.0041182],[23.7998867,38.0040826],[23.7998546,38.0040741],[23.7998391,38.0041092]]]}},{"type":"Feature","properties":{"id":"moto-sarantaporou-mesogeion-aristofanous-r","category":"motorcycles","street":"Σαρανταπόρου","from":"Μεσογείων","to":"Αριστοφάνους","side":"r","zone":"Α","zoneSource":"p1-strips","lengthM":18.3,"estSpots":17,"calmTraffic":false,"excludedReason":null,"strips":1},"geometry":{"type":"Polygon","coordinates":[[[23.7903367,38.0016666],[23.7903608,38.0016855],[23.7905054,38.0015669],[23.7904807,38.0015485],[23.7903367,38.0016666]]]}},{"type":"Feature","properties":{"id":"moto-sarantaporou-voutsina-aspasias-l","category":"motorcycles","street":"Σαρανταπόρου","from":"Βουτσινά","to":"Ασπασίας","side":"l","zone":"Α","zoneSource":"p1-strips","lengthM":3.4,"estSpots":16,"calmTraffic":false,"excludedReason":null,"strips":1},"geometry":{"type":"Polygon","coordinates":[[[23.7920245,38.0003879],[23.7921633,38.0004963],[23.7921871,38.0004761],[23.792049,38.0003683],[23.7920245,38.0003879]]]}},{"type":"Feature","properties":{"id":"moto-smyrnis-efesou-korytsas-l","category":"motorcycles","street":"Σμύρνης","from":"Εφέσου","to":"Κορυτσάς","side":"l","zone":"Δ","zoneSource":"p1-strips","lengthM":3.1,"estSpots":8,"calmTraffic":false,"excludedReason":null,"strips":1},"geometry":{"type":"Polygon","coordinates":[[[23.7924161,37.9953812],[23.7924384,37.9954019],[23.7925096,37.9953541],[23.7924867,37.9953339],[23.7924161,37.9953812]]]}},{"type":"Feature","properties":{"id":"moto-sokratous-ikarias-psaron-r","category":"motorcycles","street":"Σωκράτους","from":"Ικαρίας","to":"Ψαρών","side":"r","zone":"Β","zoneSource":"polygon","lengthM":7.9,"estSpots":7,"calmTraffic":false,"excludedReason":null,"strips":1},"geometry":{"type":"Polygon","coordinates":[[[23.8005994,38.0044054],[23.8006311,38.0044155],[23.8006647,38.0043499],[23.8006331,38.0043398],[23.8005994,38.0044054]]]}},{"type":"Feature","properties":{"id":"moto-sokratous-mesogeion-chiou-r","category":"motorcycles","street":"Σωκράτους","from":"Μεσογείων","to":"Χίου","side":"r","zone":"Β","zoneSource":"p1-strips","lengthM":14.4,"estSpots":13,"calmTraffic":false,"excludedReason":null,"strips":2},"geometry":{"type":"MultiPolygon","coordinates":[[[[23.79957,38.0064537],[23.7996029,38.0063876],[23.7995712,38.0063775],[23.7995384,38.0064436],[23.79957,38.0064537]]],[[[23.7995284,38.0065347],[23.7995562,38.006481],[23.7995245,38.0064709],[23.7994967,38.0065245],[23.7995284,38.0065347]]]]}},{"type":"Feature","properties":{"id":"moto-ygeias-mesogeion-aspasias-r","category":"motorcycles","street":"Υγείας","from":"Μεσογείων","to":"Ασπασίας","side":"r","zone":"Δ","zoneSource":"polygon","lengthM":17.2,"estSpots":16,"calmTraffic":false,"excludedReason":null,"strips":1},"geometry":{"type":"Polygon","coordinates":[[[23.7861391,37.996209],[23.7861657,37.9962266],[23.786291,37.9961075],[23.7862651,37.9960904],[23.7861391,37.996209]]]}},{"type":"Feature","properties":{"id":"moto-ymittou-mesogeion-metonos-l","category":"motorcycles","street":"Υμηττού","from":"Μεσογείων","to":"Μέτωνος","side":"l","zone":"Α","zoneSource":"p1-strips","lengthM":8.3,"estSpots":3,"calmTraffic":false,"excludedReason":null,"strips":4},"geometry":{"type":"Polygon","coordinates":[[[23.7915333,38.0022595],[23.7915351,38.0022674],[23.7915482,38.002268],[23.7915531,38.0022777],[23.7915673,38.0022788],[23.7915711,38.002288],[23.7915979,38.0022883],[23.7915959,38.0022792],[23.7915837,38.0022789],[23.7915787,38.0022694],[23.7915634,38.0022678],[23.7915594,38.0022554],[23.7915333,38.0022595]]]}},{"type":"Feature","properties":{"id":"moto-ymittou-mesogeion-metonos-r","category":"motorcycles","street":"Υμηττού","from":"Μεσογείων","to":"Μέτωνος","side":"r","zone":"Α","zoneSource":"p1-strips","lengthM":14.4,"estSpots":13,"calmTraffic":false,"excludedReason":null,"strips":1},"geometry":{"type":"Polygon","coordinates":[[[23.791495,38.0020875],[23.7915196,38.0021059],[23.7916306,38.0020109],[23.7916054,38.0019932],[23.791495,38.0020875]]]}},{"type":"Feature","properties":{"id":"moto-chiou-panagi-tsaldari-aristotelous-r","category":"motorcycles","street":"Χίου","from":"Παναγή Τσαλδάρη","to":"Αριστοτέλους","side":"r","zone":"Γ","zoneSource":"p1-strips","lengthM":12.6,"estSpots":12,"calmTraffic":false,"excludedReason":null,"strips":1},"geometry":{"type":"Polygon","coordinates":[[[23.803592,38.0066913],[23.8037252,38.006729],[23.8037359,38.0067036],[23.8036027,38.0066659],[23.803592,38.0066913]]]}},{"type":"Feature","properties":{"id":"moto-psaron-doridos-17is-noemvriou-r","category":"motorcycles","street":"Ψαρών","from":"Δωρίδος","to":"17ης Νοεμβρίου","side":"r","zone":"Β","zoneSource":"p1-strips","lengthM":6.5,"estSpots":6,"calmTraffic":false,"excludedReason":null,"strips":1},"geometry":{"type":"Polygon","coordinates":[[[23.8029183,38.0036046],[23.802986,38.0036266],[23.8029988,38.0036016],[23.8029311,38.0035796],[23.8029183,38.0036046]]]}},{"type":"Feature","properties":{"id":"moto-psaron-themistokleous-pythagora-r","category":"motorcycles","street":"Ψαρών","from":"Θεμιστοκλέους","to":"Πυθαγόρα","side":"r","zone":"Β","zoneSource":"p1-strips","lengthM":5.1,"estSpots":5,"calmTraffic":false,"excludedReason":null,"strips":1},"geometry":{"type":"Polygon","coordinates":[[[23.8002428,38.0028019],[23.8002961,38.0028188],[23.8003081,38.0027932],[23.800255,38.0027775],[23.8002428,38.0028019]]]}},{"type":"Feature","properties":{"id":"paid-17is-noemvriou-mesogeion-levkados-r","category":"paid","street":"17ης Νοεμβρίου","from":"Μεσογείων","to":"Λευκάδος","side":"r","zone":"Γ","zoneSource":"p1-strips","lengthM":27.9,"estSpots":6,"calmTraffic":false,"excludedReason":null,"strips":2},"geometry":{"type":"MultiPolygon","coordinates":[[[[23.8021066,38.006815],[23.8021737,38.0066741],[23.8021414,38.0066646],[23.8020743,38.0068055],[23.8021066,38.006815]]],[[[23.8019768,38.0068476],[23.8020198,38.0067529],[23.8019883,38.0067439],[23.8019445,38.0068381],[23.8019768,38.0068476]]]]}},{"type":"Feature","properties":{"id":"paid-agamemnonos-ventouri-faneromenis-l","category":"paid","street":"Αγαμέμνονος","from":"Βεντούρη","to":"Φανερωμένης","side":"l","zone":"Β","zoneSource":"p1-strips","lengthM":3.1,"estSpots":2,"calmTraffic":false,"excludedReason":null,"strips":1},"geometry":{"type":"Polygon","coordinates":[[[23.7958864,38.0046447],[23.795911,38.0046631],[23.7959741,38.0046111],[23.7959487,38.0045923],[23.7958864,38.0046447]]]}},{"type":"Feature","properties":{"id":"paid-anastaseos-aristofanous-tsigante-r","category":"paid","street":"Αναστάσεως","from":"Αριστοφάνους","to":"Τσιγάντε","side":"r","zone":"Α-Δ","zoneSource":"p1-strips","lengthM":18.7,"estSpots":4,"calmTraffic":false,"excludedReason":null,"strips":1},"geometry":{"type":"Polygon","coordinates":[[[23.7881907,37.9992455],[23.7882129,37.9992663],[23.7883731,37.9991554],[23.7883502,37.9991352],[23.7881907,37.9992455]]]}},{"type":"Feature","properties":{"id":"paid-anastaseos-thoukydidou-aristofanous-r","category":"paid","street":"Αναστάσεως","from":"Θουκυδίδου","to":"Αριστοφάνους","side":"r","zone":"Α-Δ","zoneSource":"p1-strips","lengthM":50.1,"estSpots":10,"calmTraffic":false,"excludedReason":null,"strips":1},"geometry":{"type":"Polygon","coordinates":[[[23.7876113,37.9996242],[23.7876328,37.9996445],[23.7880692,37.9993534],[23.7880469,37.9993326],[23.7876113,37.9996242]]]}},{"type":"Feature","properties":{"id":"paid-aristofanous-agiou-ioanni-theologou-sarantaporou-l","category":"paid","street":"Αριστοφάνους","from":"Αγίου Ιωάννη Θεολόγου","to":"Σαρανταπόρου","side":"l","zone":"Α","zoneSource":"p1-strips","lengthM":3.2,"estSpots":4,"calmTraffic":false,"excludedReason":"Ανεπαρκές πλάτος","strips":1},"geometry":{"type":"Polygon","coordinates":[[[23.7903524,38.0015956],[23.7903772,38.001615],[23.7905278,38.0014904],[23.7905037,38.0014714],[23.7903524,38.0015956]]]}},{"type":"Feature","properties":{"id":"paid-arkadiou-mesogeion-chiou-r","category":"paid","street":"Αρκαδίου","from":"Μεσογείων","to":"Χίου","side":"r","zone":"Γ","zoneSource":"p1-strips","lengthM":52.5,"estSpots":11,"calmTraffic":false,"excludedReason":null,"strips":3},"geometry":{"type":"MultiPolygon","coordinates":[[[[23.8057934,38.0078733],[23.8059115,38.0076913],[23.8058808,38.0076789],[23.8057635,38.0078614],[23.8057934,38.0078733]]],[[[23.8057418,38.0079383],[23.8057112,38.007926],[23.8056419,38.0080334],[23.8056725,38.0080458],[23.8057418,38.0079383]]],[[[23.8054826,38.0083327],[23.8054528,38.0083208],[23.8053685,38.008453],[23.8053992,38.0084653],[23.8054826,38.0083327]]]]}},{"type":"Feature","properties":{"id":"paid-aspasias-sarantaporou-end-l","category":"paid","street":"Ασπασίας","from":"Σαρανταπόρου","to":null,"side":"l","zone":"Α","zoneSource":"p1-strips","lengthM":0.0,"estSpots":9,"calmTraffic":false,"excludedReason":null,"strips":11},"geometry":{"type":"Polygon","coordinates":[[[23.7928395,38.0006318],[23.7928958,38.000632],[23.7928972,38.0006119],[23.7929178,38.0006088],[23.7929224,38.00059],[23.7929443,38.0005885],[23.792951,38.0005716],[23.7929691,38.0005748],[23.792979,38.0005567],[23.7929972,38.0005602],[23.793009,38.0005426],[23.793029,38.0005481],[23.7930425,38.0005316],[23.7930598,38.0005382],[23.7930776,38.0005238],[23.7930926,38.0005324],[23.7931119,38.000519],[23.7931256,38.0005278],[23.7931469,38.0005139],[23.7931073,38.0004784],[23.7930894,38.000493],[23.7930738,38.0004837],[23.7930505,38.0005009],[23.793033,38.0004912],[23.7930132,38.0005113],[23.792995,38.0005034],[23.7929783,38.0005248],[23.7929572,38.0005216],[23.7929429,38.0005405],[23.7929256,38.0005359],[23.7929142,38.0005597],[23.7928937,38.0005567],[23.7928862,38.0005807],[23.7928661,38.0005794],[23.7928607,38.0006046],[23.7928408,38.0006083],[23.7928395,38.0006318]]]}},{"type":"Feature","properties":{"id":"paid-aspasias-ymittou-aetideon-l","category":"paid","street":"Ασπασίας","from":"Υμηττού","to":"Αετιδέων","side":"l","zone":"Α","zoneSource":"p1-strips","lengthM":45.6,"estSpots":2,"calmTraffic":false,"excludedReason":null,"strips":3},"geometry":{"type":"Polygon","coordinates":[[[23.7935669,38.0008539],[23.793564,38.0008705],[23.7938049,38.0008667],[23.793785,38.0008523],[23.7936751,38.0008515],[23.7935669,38.0008539]]]}},{"type":"Feature","properties":{"id":"paid-aspasias-ymittou-aetideon-r","category":"paid","street":"Ασπασίας","from":"Υμηττού","to":"Αετιδέων","side":"r","zone":"Α","zoneSource":"polygon","lengthM":44.1,"estSpots":4,"calmTraffic":false,"excludedReason":null,"strips":12},"geometry":{"type":"MultiPolygon","coordinates":[[[[23.7935808,38.0007711],[23.7936072,38.0007718],[23.7936117,38.0007895],[23.7936387,38.000792],[23.7936407,38.0008096],[23.7936661,38.00081],[23.7936663,38.0007643],[23.7935789,38.0007115],[23.7935808,38.0007711]]],[[[23.7937011,38.0008513],[23.7937834,38.0008513],[23.793731,38.0008494],[23.7937303,38.0008122],[23.7937002,38.0007895],[23.7937011,38.0008513]]]]}},{"type":"Feature","properties":{"id":"paid-aspasias-ventouri-faneromenis-r","category":"paid","street":"Ασπασίας","from":"Βεντούρη","to":"Φανερωμένης","side":"r","zone":"Β","zoneSource":"p1-strips","lengthM":33.4,"estSpots":3,"calmTraffic":false,"excludedReason":null,"strips":7},"geometry":{"type":"MultiPolygon","coordinates":[[[[23.7968812,38.0032765],[23.7969377,38.0033197],[23.7969349,38.0032634],[23.7968783,38.0032192],[23.7968812,38.0032765]]],[[[23.797081,38.0034434],[23.7973655,38.0034378],[23.7970746,38.0034375],[23.797081,38.0034434]]]]}},{"type":"Feature","properties":{"id":"paid-voutsina-sarantaporou-ymittou-r","category":"paid","street":"Βουτσινά","from":"Σαρανταπόρου","to":"Υμηττού","side":"r","zone":"Α","zoneSource":"p1-strips","lengthM":38.8,"estSpots":5,"calmTraffic":false,"excludedReason":null,"strips":8},"geometry":{"type":"Polygon","coordinates":[[[23.7927743,38.0007535],[23.7927873,38.0007762],[23.7928373,38.0007569],[23.7928253,38.0007402],[23.7928281,38.0007352],[23.7928422,38.0007299],[23.7928327,38.0007111],[23.7928514,38.0007035],[23.7928444,38.0006852],[23.7928484,38.0006811],[23.7928628,38.0006785],[23.7928586,38.0006585],[23.7928777,38.0006538],[23.792874,38.000633],[23.7928177,38.0006327],[23.7928206,38.0006562],[23.7928161,38.0006599],[23.7927999,38.0006615],[23.7928066,38.0006854],[23.7928027,38.0006893],[23.792786,38.0006927],[23.7927948,38.0007153],[23.7927767,38.0007229],[23.7927873,38.000746],[23.7927743,38.0007535]]]}},{"type":"Feature","properties":{"id":"paid-elevtheriou-venizelou-ventouri-faneromenis-l","category":"paid","street":"Ελευθερίου Βενιζέλου","from":"Βεντούρη","to":"Φανερωμένης","side":"l","zone":"Β","zoneSource":"p1-strips","lengthM":2.2,"estSpots":2,"calmTraffic":false,"excludedReason":null,"strips":1},"geometry":{"type":"Polygon","coordinates":[[[23.7976578,38.0031975],[23.7976627,38.003222],[23.7977641,38.0031366],[23.7977376,38.0031336],[23.7976578,38.0031975]]]}},{"type":"Feature","properties":{"id":"paid-thoukydidou-anastaseos-xanthippou-l","category":"paid","street":"Θουκυδίδου","from":"Αναστάσεως","to":"Ξανθίππου","side":"l","zone":"Α","zoneSource":"p1-strips","lengthM":3.1,"estSpots":2,"calmTraffic":false,"excludedReason":null,"strips":1},"geometry":{"type":"Polygon","coordinates":[[[23.7881191,38.0004874],[23.7881413,38.0005082],[23.7882202,38.0004564],[23.7881979,38.0004356],[23.7881191,38.0004874]]]}},{"type":"Feature","properties":{"id":"paid-kyprou-mesogeion-tsigante-r","category":"paid","street":"Κύπρου","from":"Μεσογείων","to":"Τσιγάντε","side":"r","zone":"Δ","zoneSource":"p1-strips","lengthM":383.4,"estSpots":78,"calmTraffic":false,"excludedReason":null,"strips":2},"geometry":{"type":"MultiPolygon","coordinates":[[[[23.7851945,37.998177],[23.7867322,37.9969252],[23.7867075,37.996907],[23.7851704,37.9981581],[23.7851945,37.998177]]],[[[23.7849178,37.9985506],[23.7864286,37.9973306],[23.7864038,37.9973114],[23.7848929,37.9985313],[23.7849178,37.9985506]]]]}},{"type":"Feature","properties":{"id":"paid-kyprou-aspasias-ionias-r","category":"paid","street":"Κύπρου","from":"Ασπασίας","to":"Ιωνίας","side":"r","zone":"Δ","zoneSource":"polygon","lengthM":290.3,"estSpots":58,"calmTraffic":false,"excludedReason":null,"strips":6},"geometry":{"type":"MultiPolygon","coordinates":[[[[23.7896911,37.9940651],[23.7897048,37.9940514],[23.7903277,37.9933758],[23.7903006,37.99336],[23.7896615,37.9940505],[23.7896864,37.994065],[23.7896911,37.9940651]]],[[[23.7895967,37.9941666],[23.7895697,37.9941508],[23.7890894,37.9946702],[23.7891165,37.9946861],[23.7895967,37.9941666]]],[[[23.7890236,37.9947877],[23.7889951,37.9947719],[23.7884793,37.9953304],[23.7885064,37.9953463],[23.7890236,37.9947877]]],[[[23.788413,37.9954495],[23.7883851,37.995432],[23.7880905,37.9957264],[23.7881178,37.9957434],[23.788413,37.9954495]]]]}},{"type":"Feature","properties":{"id":"paid-metonos-agiou-ioanni-theologou-sarantaporou-l","category":"paid","street":"Μέτωνος","from":"Αγίου Ιωάννη Θεολόγου","to":"Σαρανταπόρου","side":"l","zone":"Α","zoneSource":"p1-strips","lengthM":3.0,"estSpots":3,"calmTraffic":false,"excludedReason":null,"strips":1},"geometry":{"type":"Polygon","coordinates":[[[23.7910677,38.001011],[23.7910923,38.0010294],[23.7912076,38.0009351],[23.7911829,38.0009168],[23.7910677,38.001011]]]}},{"type":"Feature","properties":{"id":"paid-mesogeion-xanthippou-agiou-ioanni-theologou-r","category":"paid","street":"Μεσογείων","from":"Ξανθίππου","to":"Αγίου Ιωάννη Θεολόγου","side":"r","zone":"Α","zoneSource":"p1-strips","lengthM":43.9,"estSpots":7,"calmTraffic":false,"excludedReason":null,"strips":1},"geometry":{"type":"Polygon","coordinates":[[[23.7877823,38.0009334],[23.7882402,38.001088],[23.7882515,38.0010669],[23.787793,38.0009129],[23.7877823,38.0009334]]]}},{"type":"Feature","properties":{"id":"paid-mesogeion-agiou-ioanni-theologou-sarantaporou-r","category":"paid","street":"Μεσογείων","from":"Αγίου Ιωάννη Θεολόγου","to":"Σαρανταπόρου","side":"r","zone":"Α","zoneSource":"p1-strips","lengthM":63.6,"estSpots":11,"calmTraffic":false,"excludedReason":null,"strips":1},"geometry":{"type":"Polygon","coordinates":[[[23.7892558,38.0014352],[23.7899216,38.0016596],[23.789933,38.0016386],[23.7892672,38.0014141],[23.7892558,38.0014352]]]}},{"type":"Feature","properties":{"id":"paid-mesogeion-sarantaporou-ymittou-r","category":"paid","street":"Μεσογείων","from":"Σαρανταπόρου","to":"Υμηττού","side":"r","zone":"Α","zoneSource":"p1-strips","lengthM":36.8,"estSpots":6,"calmTraffic":false,"excludedReason":null,"strips":2},"geometry":{"type":"MultiPolygon","coordinates":[[[[23.7908543,38.001984],[23.7908664,38.0019634],[23.7905386,38.0018447],[23.7905272,38.0018647],[23.7908543,38.001984]]],[[[23.7910374,38.0020617],[23.7910524,38.0020429],[23.7910029,38.0020187],[23.790988,38.0020385],[23.7910374,38.0020617]]]]}},{"type":"Feature","properties":{"id":"paid-mesogeion-ymittou-aetideon-r","category":"paid","street":"Μεσογείων","from":"Υμηττού","to":"Αετιδέων","side":"r","zone":"Α","zoneSource":"p1-strips","lengthM":81.7,"estSpots":14,"calmTraffic":false,"excludedReason":null,"strips":1},"geometry":{"type":"Polygon","coordinates":[[[23.7917965,38.0024672],[23.7921579,38.0027169],[23.7924905,38.0029623],[23.7925093,38.0029461],[23.7921768,38.0027006],[23.7918161,38.0024503],[23.7917965,38.0024672]]]}},{"type":"Feature","properties":{"id":"paid-mesogeion-aetideon-perikleous-r","category":"paid","street":"Μεσογείων","from":"Αετιδέων","to":"Περικλέους","side":"r","zone":"Α","zoneSource":"p1-strips","lengthM":35.7,"estSpots":6,"calmTraffic":false,"excludedReason":null,"strips":2},"geometry":{"type":"MultiPolygon","coordinates":[[[[23.7927131,38.0031309],[23.7927315,38.0031162],[23.7925855,38.0030053],[23.7925678,38.0030205],[23.7927131,38.0031309]]],[[[23.7929012,38.0032761],[23.7929209,38.0032601],[23.7927745,38.003147],[23.7927549,38.003163],[23.7929012,38.0032761]]]]}},{"type":"Feature","properties":{"id":"paid-mesogeion-faneromenis-miltiadou-r","category":"paid","street":"Μεσογείων","from":"Φανερωμένης","to":"Μιλτιάδου","side":"r","zone":"Β","zoneSource":"p1-strips","lengthM":163.0,"estSpots":28,"calmTraffic":false,"excludedReason":null,"strips":2},"geometry":{"type":"MultiPolygon","coordinates":[[[[23.7961328,38.0055592],[23.7974464,38.0060249],[23.7974586,38.0060044],[23.7961458,38.0055391],[23.7959254,38.0054381],[23.7959105,38.0054579],[23.7961328,38.0055592]]],[[[23.7976783,38.0061068],[23.7976896,38.0060857],[23.79755,38.0060372],[23.7975387,38.0060583],[23.7976783,38.0061068]]]]}},{"type":"Feature","properties":{"id":"paid-mesogeion-miltiadou-pythagora-r","category":"paid","street":"Μεσογείων","from":"Μιλτιάδου","to":"Πυθαγόρα","side":"r","zone":"Β","zoneSource":"p1-strips","lengthM":48.7,"estSpots":8,"calmTraffic":false,"excludedReason":null,"strips":1},"geometry":{"type":"Polygon","coordinates":[[[23.7980784,38.0062504],[23.7985845,38.0064281],[23.7985965,38.0064075],[23.7980891,38.0062298],[23.7980784,38.0062504]]]}},{"type":"Feature","properties":{"id":"paid-mesogeion-nik-vitali-17is-noemvriou-r","category":"paid","street":"Μεσογείων","from":"Νικ. Βιτάλη","to":"17ης Νοεμβρίου","side":"r","zone":"Β","zoneSource":"p1-strips","lengthM":166.4,"estSpots":29,"calmTraffic":false,"excludedReason":null,"strips":1},"geometry":{"type":"Polygon","coordinates":[[[23.799585,38.0067093],[23.8007004,38.0068978],[23.8008287,38.0069246],[23.8010172,38.0069746],[23.8012278,38.0070365],[23.8014204,38.0071074],[23.8014325,38.0070868],[23.8012392,38.0070154],[23.8010263,38.0069531],[23.8008364,38.0069032],[23.8007067,38.0068755],[23.7995907,38.0066865],[23.799585,38.0067093]]]}},{"type":"Feature","properties":{"id":"paid-mesogeion-17is-noemvriou-aristotelous-r","category":"paid","street":"Μεσογείων","from":"17ης Νοεμβρίου","to":"Αριστοτέλους","side":"r","zone":"Γ","zoneSource":"p1-strips","lengthM":103.9,"estSpots":18,"calmTraffic":false,"excludedReason":null,"strips":4},"geometry":{"type":"MultiPolygon","coordinates":[[[[23.8023633,38.0074313],[23.8022249,38.0073816],[23.8022106,38.0074057],[23.8023485,38.0074561],[23.8023633,38.0074313]]],[[[23.802922,38.0076402],[23.8024769,38.0074752],[23.8024655,38.0074953],[23.8029106,38.0076602],[23.802922,38.0076402]]],[[[23.8031886,38.0077389],[23.8030229,38.007677],[23.8030107,38.0076966],[23.8031757,38.0077591],[23.8031886,38.0077389]]],[[[23.8036324,38.007937],[23.8036489,38.0079181],[23.8035862,38.0078858],[23.8033299,38.0077933],[23.8033177,38.0078139],[23.8035718,38.007906],[23.8036324,38.007937]]]]}},{"type":"Feature","properties":{"id":"paid-xanthippou-mesogeion-thoukydidou-r","category":"paid","street":"Ξανθίππου","from":"Μεσογείων","to":"Θουκυδίδου","side":"r","zone":"Α","zoneSource":"p1-strips","lengthM":21.6,"estSpots":4,"calmTraffic":false,"excludedReason":null,"strips":2},"geometry":{"type":"MultiPolygon","coordinates":[[[[23.7880276,38.00058],[23.7881104,38.0005268],[23.7880889,38.0005065],[23.7880067,38.0005592],[23.7880276,38.00058]]],[[[23.7878698,38.0006836],[23.7879777,38.000614],[23.7879554,38.0005932],[23.7878476,38.0006629],[23.7878698,38.0006836]]]]}},{"type":"Feature","properties":{"id":"paid-perikleous-mesogeion-voutsina-r","category":"paid","street":"Περικλέους","from":"Μεσογείων","to":"Βουτσινά","side":"r","zone":"Α","zoneSource":"polygon","lengthM":67.6,"estSpots":14,"calmTraffic":false,"excludedReason":null,"strips":2},"geometry":{"type":"MultiPolygon","coordinates":[[[[23.7941826,38.0027502],[23.7945272,38.0024599],[23.7945025,38.0024415],[23.794158,38.0027318],[23.7941826,38.0027502]]],[[[23.7938637,38.0030137],[23.7940457,38.00286],[23.794021,38.0028417],[23.793839,38.0029953],[23.7938637,38.0030137]]]]}},{"type":"Feature","properties":{"id":"paid-pythagora-mesogeion-chiou-r","category":"paid","street":"Πυθαγόρα","from":"Μεσογείων","to":"Χίου","side":"r","zone":"Β","zoneSource":"p1-strips","lengthM":51.9,"estSpots":9,"calmTraffic":false,"excludedReason":null,"strips":2},"geometry":{"type":"MultiPolygon","coordinates":[[[[23.7990831,38.0056076],[23.7991756,38.0054475],[23.7991495,38.005438],[23.799057,38.005598],[23.7990831,38.0056076]]],[[[23.7988681,38.0059897],[23.7990171,38.0057239],[23.798991,38.0057144],[23.7988414,38.0059808],[23.7988681,38.0059897]]]]}},{"type":"Feature","properties":{"id":"paid-sarantaporou-aristofanous-metonos-r","category":"paid","street":"Σαρανταπόρου","from":"Αριστοφάνους","to":"Μέτωνος","side":"r","zone":"Α","zoneSource":"p1-strips","lengthM":26.2,"estSpots":5,"calmTraffic":false,"excludedReason":null,"strips":1},"geometry":{"type":"Polygon","coordinates":[[[23.7908383,38.0012021],[23.790863,38.0012205],[23.7910678,38.001049],[23.7910431,38.0010307],[23.7908383,38.0012021]]]}},{"type":"Feature","properties":{"id":"paid-ygeias-mesogeion-aspasias-r","category":"paid","street":"Υγείας","from":"Μεσογείων","to":"Ασπασίας","side":"r","zone":"Δ","zoneSource":"p1-strips","lengthM":388.5,"estSpots":78,"calmTraffic":false,"excludedReason":null,"strips":4},"geometry":{"type":"MultiPolygon","coordinates":[[[[23.7870983,37.995458],[23.7870717,37.9954403],[23.7867498,37.9957399],[23.7867757,37.9957571],[23.7870983,37.995458]]],[[[23.786585,37.9958382],[23.786559,37.99582],[23.7864047,37.9959607],[23.7864307,37.995979],[23.786585,37.9958382]]],[[[23.7866372,37.9958856],[23.7866122,37.9958679],[23.7855326,37.9968568],[23.7855586,37.9968739],[23.7866372,37.9958856]]],[[[23.7853162,37.997095],[23.7852904,37.997078],[23.7839558,37.9982974],[23.7839812,37.9983151],[23.7853162,37.997095]]]]}},{"type":"Feature","properties":{"id":"paid-ymittou-mesogeion-metonos-r","category":"paid","street":"Υμηττού","from":"Μεσογείων","to":"Μέτωνος","side":"r","zone":"Α","zoneSource":"p1-strips","lengthM":57.0,"estSpots":11,"calmTraffic":false,"excludedReason":null,"strips":1},"geometry":{"type":"Polygon","coordinates":[[[23.7916343,38.0019704],[23.7916583,38.0019894],[23.7921079,38.0016198],[23.7920839,38.0016009],[23.7916343,38.0019704]]]}},{"type":"Feature","properties":{"id":"paid-ymittou-aspasias-elevtheriou-venizelou-r","category":"paid","street":"Υμηττού","from":"Ασπασίας","to":"Ελευθερίου Βενιζέλου","side":"r","zone":"Α","zoneSource":"p1-strips","lengthM":31.6,"estSpots":11,"calmTraffic":false,"excludedReason":null,"strips":9},"geometry":{"type":"MultiPolygon","coordinates":[[[[23.7937161,38.0003137],[23.7938932,38.0001687],[23.7938678,38.0001499],[23.7936921,38.0002948],[23.7937161,38.0003137]]],[[[23.7936689,38.0003523],[23.7936443,38.0003339],[23.7935818,38.0003853],[23.7936059,38.0004043],[23.7936689,38.0003523]]],[[[23.7932157,38.000518],[23.7932214,38.0005204],[23.7932294,38.0005334],[23.7932526,38.0005262],[23.7932627,38.0005407],[23.7932856,38.0005364],[23.7932926,38.0005477],[23.7933197,38.0005487],[23.7933239,38.0005644],[23.7933513,38.0005641],[23.7933516,38.0005195],[23.7933206,38.0005207],[23.7933137,38.0005045],[23.7932841,38.0005068],[23.7932767,38.0004911],[23.7932468,38.0004977],[23.7932376,38.0004822],[23.7932087,38.0004914],[23.7931964,38.0004816],[23.7931644,38.0004927],[23.7931928,38.000527],[23.7932157,38.000518]]]]}},{"type":"Feature","properties":{"id":"paid-faneromenis-end-aspasias-l","category":"paid","street":"Φανερωμένης","from":null,"to":"Ασπασίας","side":"l","zone":"Β","zoneSource":"p1-strips","lengthM":15.4,"estSpots":3,"calmTraffic":false,"excludedReason":null,"strips":1},"geometry":{"type":"Polygon","coordinates":[[[23.7974563,38.0035034],[23.7974581,38.00367],[23.7974835,38.0036704],[23.7974819,38.0034864],[23.7974563,38.0035034]]]}},{"type":"Feature","properties":{"id":"paid-faneromenis-voutsina-end-r","category":"paid","street":"Φανερωμένης","from":"Βουτσινά","to":null,"side":"r","zone":"Β","zoneSource":"p1-strips","lengthM":4.9,"estSpots":1,"calmTraffic":false,"excludedReason":null,"strips":2},"geometry":{"type":"MultiPolygon","coordinates":[[[[23.7966516,38.0039735],[23.7966624,38.0039736],[23.7966763,38.0039658],[23.7966509,38.0039654],[23.7966516,38.0039735]]],[[[23.7968119,38.0040799],[23.7969293,38.0040804],[23.7968543,38.0040694],[23.7968007,38.0040554],[23.7967755,38.0040707],[23.7968119,38.0040799]]]]}},{"type":"Feature","properties":{"id":"paid-faneromenis-end-elevtheriou-venizelou-r","category":"paid","street":"Φανερωμένης","from":null,"to":"Ελευθερίου Βενιζέλου","side":"r","zone":"Β","zoneSource":"polygon","lengthM":14.5,"estSpots":2,"calmTraffic":false,"excludedReason":null,"strips":1},"geometry":{"type":"Polygon","coordinates":[[[23.7977122,38.0032734],[23.797743,38.0032733],[23.7978313,38.0032022],[23.7978262,38.0031803],[23.7977122,38.0032734]]]}},{"type":"Feature","properties":{"id":"paid-faneromenis-voutsina-aspasias-r","category":"paid","street":"Φανερωμένης","from":"Βουτσινά","to":"Ασπασίας","side":"r","zone":"Β","zoneSource":"p1-strips","lengthM":46.4,"estSpots":4,"calmTraffic":false,"excludedReason":null,"strips":10},"geometry":{"type":"MultiPolygon","coordinates":[[[[23.7974604,38.003905],[23.7974764,38.0038778],[23.7974857,38.003844],[23.7974844,38.0037556],[23.7974593,38.0037622],[23.7974597,38.0038445],[23.7974521,38.0038713],[23.7974426,38.0038871],[23.7974604,38.003905]]],[[[23.7973126,38.0040441],[23.797366,38.0040067],[23.7974263,38.0039489],[23.7974049,38.0039384],[23.7973516,38.0039892],[23.797306,38.0040224],[23.7973126,38.0040441]]]]}},{"type":"Feature","properties":{"id":"paid-faneromenis-mesogeion-agamemnonos-r","category":"paid","street":"Φανερωμένης","from":"Μεσογείων","to":"Αγαμέμνονος","side":"r","zone":"Β","zoneSource":"p1-strips","lengthM":51.1,"estSpots":9,"calmTraffic":false,"excludedReason":null,"strips":5},"geometry":{"type":"MultiPolygon","coordinates":[[[[23.7960266,38.0047062],[23.7960986,38.0046453],[23.7960805,38.0046252],[23.7959833,38.0047064],[23.7960081,38.004721],[23.7960266,38.0047062]]],[[[23.7958918,38.0046774],[23.7958672,38.004659],[23.7958025,38.0047138],[23.7958271,38.0047322],[23.7958918,38.0046774]]],[[[23.7959566,38.0047676],[23.7959318,38.0047481],[23.7958666,38.0047997],[23.7958908,38.0048198],[23.7959566,38.0047676]]],[[[23.7956919,38.004812],[23.7955898,38.0048969],[23.7955985,38.0049189],[23.7957147,38.0048224],[23.7956919,38.004812]]],[[[23.7954653,38.0049893],[23.7954093,38.0050379],[23.7954346,38.0050557],[23.79549,38.0050077],[23.7954653,38.0049893]]]]}},{"type":"Feature","properties":{"id":"paid-faneromenis-voutsina-aspasias-l","category":"paid","street":"Φανερωμένης","from":"Βουτσινά","to":"Ασπασίας","side":"l","zone":"Β","zoneSource":"polygon","lengthM":20.3,"estSpots":3,"calmTraffic":false,"excludedReason":null,"strips":2},"geometry":{"type":"Polygon","coordinates":[[[23.7966423,38.0037858],[23.7966509,38.0039654],[23.7966763,38.0039657],[23.7966683,38.0037992],[23.7966423,38.0037858]]]}},{"type":"Feature","properties":{"id":"paid-faneromenis-voutsina-aspasias-r-2","category":"paid","street":"Φανερωμένης","from":"Βουτσινά","to":"Ασπασίας","side":"r","zone":"Β","zoneSource":"polygon","lengthM":28.6,"estSpots":4,"calmTraffic":false,"excludedReason":null,"strips":8},"geometry":{"type":"MultiPolygon","coordinates":[[[[23.7967387,38.0035727],[23.7967442,38.0035684],[23.7968537,38.0034725],[23.7968551,38.003449],[23.7968467,38.0034487],[23.7967092,38.0035678],[23.7967387,38.0035727]]],[[[23.7966343,38.0036661],[23.7966359,38.0037],[23.7966622,38.0036922],[23.796659,38.0036425],[23.7966404,38.0036279],[23.7966342,38.0036463],[23.7966343,38.0036661]]]]}},{"type":"Feature","properties":{"id":"paid-faneromenis-end-voutsina-r","category":"paid","street":"Φανερωμένης","from":null,"to":"Βουτσινά","side":"r","zone":"Β","zoneSource":"p1-strips","lengthM":62.6,"estSpots":3,"calmTraffic":false,"excludedReason":null,"strips":3},"geometry":{"type":"Polygon","coordinates":[[[23.7968119,38.0040799],[23.7968484,38.004089],[23.796917,38.004099],[23.7971066,38.0041],[23.7970851,38.0040797],[23.7968119,38.0040799]]]}},{"type":"Feature","properties":{"id":"paid-faneromenis-aspasias-end-r","category":"paid","street":"Φανερωμένης","from":"Ασπασίας","to":null,"side":"r","zone":"Β","zoneSource":"polygon","lengthM":57.4,"estSpots":3,"calmTraffic":false,"excludedReason":null,"strips":2},"geometry":{"type":"Polygon","coordinates":[[[23.7970601,38.0034236],[23.7970745,38.0034375],[23.7973654,38.0034378],[23.7973956,38.0034177],[23.7970601,38.0034236]]]}},{"type":"Feature","properties":{"id":"res-17is-noemvriou-psaron-amfissis-l","category":"residents","street":"17ης Νοεμβρίου","from":"Ψαρών","to":"Αμφίσσης","side":"l","zone":"Γ","zoneSource":"p1-strips","lengthM":3.5,"estSpots":2,"calmTraffic":false,"excludedReason":null,"strips":1},"geometry":{"type":"Polygon","coordinates":[[[23.803606,38.003827],[23.8037166,38.0038652],[23.8037302,38.0038406],[23.8036195,38.0038024],[23.803606,38.003827]]]}},{"type":"Feature","properties":{"id":"res-agiou-gerasimou-miltiadou-pythagora-l","category":"residents","street":"Αγίου Γερασίμου","from":"Μιλτιάδου","to":"Πυθαγόρα","side":"l","zone":"Β","zoneSource":"p1-strips","lengthM":4.2,"estSpots":3,"calmTraffic":false,"excludedReason":null,"strips":1},"geometry":{"type":"Polygon","coordinates":[[[23.8000156,38.0036893],[23.8000485,38.0036983],[23.8001146,38.0035363],[23.8000825,38.0035278],[23.8000156,38.0036893]]]}},{"type":"Feature","properties":{"id":"res-agiou-gerasimou-faneromenis-miltiadou-l","category":"residents","street":"Αγίου Γερασίμου","from":"Φανερωμένης","to":"Μιλτιάδου","side":"l","zone":"Β","zoneSource":"p1-strips","lengthM":5.9,"estSpots":1,"calmTraffic":false,"excludedReason":null,"strips":1},"geometry":{"type":"Polygon","coordinates":[[[23.7993353,38.0032973],[23.799367,38.0033074],[23.7994044,38.0032355],[23.7993728,38.0032254],[23.7993353,38.0032973]]]}},{"type":"Feature","properties":{"id":"res-agiou-ioanni-theologou-elevtheriou-venizelou-artemidos-r","category":"residents","street":"Αγίου Ιωάννη Θεολόγου","from":"Ελευθερίου Βενιζέλου","to":"Αρτέμιδος","side":"r","zone":"Α","zoneSource":"p1-strips","lengthM":47.9,"estSpots":7,"calmTraffic":false,"excludedReason":null,"strips":3},"geometry":{"type":"Polygon","coordinates":[[[23.7924349,37.9987519],[23.7924572,37.9987727],[23.7928114,37.9985342],[23.7927891,37.9985134],[23.7924349,37.9987519]]]}},{"type":"Feature","properties":{"id":"res-agiou-ioanni-theologou-aspasias-elevtheriou-venizelou-r","category":"residents","street":"Αγίου Ιωάννη Θεολόγου","from":"Ασπασίας","to":"Ελευθερίου Βενιζέλου","side":"r","zone":"Α","zoneSource":"p1-strips","lengthM":43.3,"estSpots":6,"calmTraffic":false,"excludedReason":null,"strips":2},"geometry":{"type":"Polygon","coordinates":[[[23.7917726,37.9991926],[23.7917949,37.9992133],[23.7921428,37.9989836],[23.79209,37.9989836],[23.7917726,37.9991926]]]}},{"type":"Feature","properties":{"id":"res-agiou-ioanni-theologou-voutsina-aspasias-l","category":"residents","street":"Αγίου Ιωάννη Θεολόγου","from":"Βουτσινά","to":"Ασπασίας","side":"l","zone":"Α","zoneSource":"p1-strips","lengthM":3.8,"estSpots":1,"calmTraffic":false,"excludedReason":null,"strips":1},"geometry":{"type":"Polygon","coordinates":[[[23.7911666,37.9997405],[23.7912237,37.999783],[23.7912469,37.9997635],[23.7911898,37.999721],[23.7911666,37.9997405]]]}},{"type":"Feature","properties":{"id":"res-agiou-ioanni-theologou-voutsina-aspasias-r","category":"residents","street":"Αγίου Ιωάννη Θεολόγου","from":"Βουτσινά","to":"Ασπασίας","side":"r","zone":"Α","zoneSource":"p1-strips","lengthM":43.3,"estSpots":7,"calmTraffic":false,"excludedReason":null,"strips":2},"geometry":{"type":"MultiPolygon","coordinates":[[[[23.7914486,37.9994451],[23.7916376,37.9993201],[23.7916161,37.9992999],[23.7914271,37.9994248],[23.7914486,37.9994451]]],[[[23.7912013,37.9996123],[23.7913901,37.9994863],[23.7913679,37.9994656],[23.7911791,37.9995916],[23.7912013,37.9996123]]]]}},{"type":"Feature","properties":{"id":"res-agiou-ioanni-theologou-metonos-voutsina-r","category":"residents","street":"Αγίου Ιωάννη Θεολόγου","from":"Μέτωνος","to":"Βουτσινά","side":"r","zone":"Α","zoneSource":"p1-strips","lengthM":45.1,"estSpots":7,"calmTraffic":false,"excludedReason":null,"strips":3},"geometry":{"type":"MultiPolygon","coordinates":[[[[23.7907756,37.9999014],[23.7909169,37.9998069],[23.7908946,37.9997862],[23.7907533,37.9998806],[23.7907756,37.9999014]]],[[[23.7907435,37.9999212],[23.7907218,37.9998998],[23.7905755,37.999997],[23.7905977,38.0000177],[23.7907435,37.9999212]]],[[[23.7905454,38.000054],[23.7905231,38.0000333],[23.7904187,38.0001032],[23.790441,38.0001239],[23.7905454,38.000054]]]]}},{"type":"Feature","properties":{"id":"res-agiou-ioanni-theologou-aristofanous-metonos-r","category":"residents","street":"Αγίου Ιωάννη Θεολόγου","from":"Αριστοφάνους","to":"Μέτωνος","side":"r","zone":"Α","zoneSource":"p1-strips","lengthM":36.9,"estSpots":6,"calmTraffic":false,"excludedReason":null,"strips":3},"geometry":{"type":"MultiPolygon","coordinates":[[[[23.7900236,38.0004046],[23.7901012,38.0003529],[23.7900789,38.0003322],[23.7900014,38.0003839],[23.7900236,38.0004046]]],[[[23.7899449,38.0004575],[23.7899226,38.0004367],[23.7897707,38.0005382],[23.789793,38.0005589],[23.7899449,38.0004575]]],[[[23.7897636,38.0005785],[23.7897421,38.0005582],[23.7896509,38.0006198],[23.7896732,38.0006406],[23.7897636,38.0005785]]]]}},{"type":"Feature","properties":{"id":"res-agiou-ioanni-theologou-thoukydidou-aristofanous-r","category":"residents","street":"Αγίου Ιωάννη Θεολόγου","from":"Θουκυδίδου","to":"Αριστοφάνους","side":"r","zone":"Α","zoneSource":"p1-strips","lengthM":12.8,"estSpots":2,"calmTraffic":false,"excludedReason":null,"strips":1},"geometry":{"type":"Polygon","coordinates":[[[23.7892253,38.000905],[23.7892468,38.0009253],[23.7893573,38.0008505],[23.7893358,38.0008302],[23.7892253,38.000905]]]}},{"type":"Feature","properties":{"id":"res-agamemnonos-ventouri-faneromenis-r","category":"residents","street":"Αγαμέμνονος","from":"Βεντούρη","to":"Φανερωμένης","side":"r","zone":"Β","zoneSource":"p1-strips","lengthM":90.5,"estSpots":14,"calmTraffic":false,"excludedReason":null,"strips":6},"geometry":{"type":"MultiPolygon","coordinates":[[[[23.7950557,38.003739],[23.7949216,38.0036394],[23.7948984,38.0036589],[23.7950325,38.0037585],[23.7950557,38.003739]]],[[[23.79513,38.0037962],[23.7951068,38.0038158],[23.79518,38.0038704],[23.7952033,38.0038509],[23.79513,38.0037962]]],[[[23.7952995,38.0039219],[23.795275,38.0039415],[23.7953638,38.0040089],[23.7953876,38.0039887],[23.7952995,38.0039219]]],[[[23.7956174,38.0041648],[23.7954621,38.0040471],[23.7954389,38.0040666],[23.7955936,38.0041849],[23.7956174,38.0041648]]],[[[23.7956692,38.004204],[23.795646,38.0042236],[23.7957994,38.0043382],[23.7958232,38.0043181],[23.7956692,38.004204]]],[[[23.7958773,38.0043587],[23.7958533,38.0043778],[23.7959921,38.0044861],[23.7960161,38.0044671],[23.7958773,38.0043587]]]]}},{"type":"Feature","properties":{"id":"res-agamemnonos-faneromenis-miltiadou-r","category":"residents","street":"Αγαμέμνονος","from":"Φανερωμένης","to":"Μιλτιάδου","side":"r","zone":"Β","zoneSource":"p1-strips","lengthM":103.5,"estSpots":17,"calmTraffic":false,"excludedReason":null,"strips":5},"geometry":{"type":"MultiPolygon","coordinates":[[[[23.7968089,38.0048021],[23.7965738,38.0047113],[23.7965589,38.004736],[23.7967932,38.0048264],[23.7968089,38.0048021]]],[[[23.7972194,38.004961],[23.7968897,38.0048333],[23.796874,38.0048575],[23.7972046,38.0049857],[23.7972194,38.004961]]],[[[23.7974721,38.0050589],[23.7973665,38.0050181],[23.7973516,38.0050428],[23.7974564,38.0050831],[23.7974721,38.0050589]]],[[[23.7976423,38.005147],[23.7976274,38.0051717],[23.7978913,38.0052718],[23.7979056,38.0052477],[23.7976423,38.005147]]],[[[23.7979864,38.0052788],[23.7979721,38.0053029],[23.798095,38.0053498],[23.7981093,38.0053256],[23.7979864,38.0052788]]]]}},{"type":"Feature","properties":{"id":"res-aetideon-mesogeion-metonos-r","category":"residents","street":"Αετιδέων","from":"Μεσογείων","to":"Μέτωνος","side":"r","zone":"Α","zoneSource":"p1-strips","lengthM":60.2,"estSpots":10,"calmTraffic":false,"excludedReason":null,"strips":2},"geometry":{"type":"Polygon","coordinates":[[[23.7926095,38.0027439],[23.792635,38.0027627],[23.7928937,38.0025467],[23.7931104,38.0023734],[23.7930863,38.0023546],[23.7928721,38.0025257],[23.7926095,38.0027439]]]}},{"type":"Feature","properties":{"id":"res-aetideon-metonos-voutsina-r","category":"residents","street":"Αετιδέων","from":"Μέτωνος","to":"Βουτσινά","side":"r","zone":"Α","zoneSource":"p1-strips","lengthM":65.4,"estSpots":10,"calmTraffic":false,"excludedReason":null,"strips":1},"geometry":{"type":"Polygon","coordinates":[[[23.7932268,38.0022351],[23.7932516,38.0022534],[23.7937662,38.0018275],[23.7937415,38.0018092],[23.7932268,38.0022351]]]}},{"type":"Feature","properties":{"id":"res-aetideon-voutsina-aspasias-l","category":"residents","street":"Αετιδέων","from":"Βουτσινά","to":"Ασπασίας","side":"l","zone":"Α","zoneSource":"p1-strips","lengthM":3.0,"estSpots":1,"calmTraffic":false,"excludedReason":null,"strips":1},"geometry":{"type":"Polygon","coordinates":[[[23.7939464,38.001806],[23.793995,38.0018423],[23.7940182,38.0018228],[23.7939696,38.0017865],[23.7939464,38.001806]]]}},{"type":"Feature","properties":{"id":"res-aetideon-voutsina-aspasias-r","category":"residents","street":"Αετιδέων","from":"Βουτσινά","to":"Ασπασίας","side":"r","zone":"Α","zoneSource":"p1-strips","lengthM":44.6,"estSpots":7,"calmTraffic":false,"excludedReason":null,"strips":2},"geometry":{"type":"MultiPolygon","coordinates":[[[[23.7940746,38.0015758],[23.7943389,38.0013609],[23.7943141,38.0013414],[23.7940499,38.0015575],[23.7940746,38.0015758]]],[[[23.7939374,38.0016884],[23.7940262,38.0016156],[23.7940008,38.0015968],[23.7939127,38.0016701],[23.7939374,38.0016884]]]]}},{"type":"Feature","properties":{"id":"res-aetideon-aspasias-elevtheriou-venizelou-r","category":"residents","street":"Αετιδέων","from":"Ασπασίας","to":"Ελευθερίου Βενιζέλου","side":"r","zone":"Α","zoneSource":"p1-strips","lengthM":48.5,"estSpots":8,"calmTraffic":false,"excludedReason":null,"strips":1},"geometry":{"type":"Polygon","coordinates":[[[23.7944833,38.0012362],[23.7945087,38.001255],[23.79489,38.0009391],[23.7948653,38.0009207],[23.7944833,38.0012362]]]}},{"type":"Feature","properties":{"id":"res-aetideon-elevtheriou-venizelou-artemidos-r","category":"residents","street":"Αετιδέων","from":"Ελευθερίου Βενιζέλου","to":"Αρτέμιδος","side":"r","zone":"Α","zoneSource":"p1-strips","lengthM":40.5,"estSpots":6,"calmTraffic":false,"excludedReason":null,"strips":2},"geometry":{"type":"MultiPolygon","coordinates":[[[[23.7953079,38.0005595],[23.7954089,38.0004758],[23.7953834,38.0004569],[23.7952825,38.0005406],[23.7953079,38.0005595]]],[[[23.7950244,38.0007936],[23.7952411,38.000614],[23.795217,38.000595],[23.7949998,38.0007753],[23.7950244,38.0007936]]]]}},{"type":"Feature","properties":{"id":"res-anastaseos-artemidos-katsibiri-l","category":"residents","street":"Αναστάσεως","from":"Αρτέμιδος","to":"Κατσιμπίρη","side":"l","zone":"Α","zoneSource":"p1-strips","lengthM":3.3,"estSpots":2,"calmTraffic":false,"excludedReason":null,"strips":1},"geometry":{"type":"Polygon","coordinates":[[[23.7916892,37.9970311],[23.7917969,37.9971336],[23.7918245,37.9971158],[23.7917168,37.9970133],[23.7916892,37.9970311]]]}},{"type":"Feature","properties":{"id":"res-anastaseos-elevtheriou-venizelou-artemidos-l","category":"residents","street":"Αναστάσεως","from":"Ελευθερίου Βενιζέλου","to":"Αρτέμιδος","side":"l","zone":"Α","zoneSource":"p1-strips","lengthM":3.0,"estSpots":1,"calmTraffic":false,"excludedReason":null,"strips":1},"geometry":{"type":"Polygon","coordinates":[[[23.7909349,37.9975834],[23.790993,37.9976383],[23.7910187,37.9976213],[23.7909605,37.9975664],[23.7909349,37.9975834]]]}},{"type":"Feature","properties":{"id":"res-anastaseos-elevtheriou-venizelou-artemidos-r","category":"residents","street":"Αναστάσεως","from":"Ελευθερίου Βενιζέλου","to":"Αρτέμιδος","side":"r","zone":"Α-Δ","zoneSource":"p1-strips","lengthM":41.5,"estSpots":7,"calmTraffic":false,"excludedReason":null,"strips":3},"geometry":{"type":"MultiPolygon","coordinates":[[[[23.7912641,37.9971375],[23.7913503,37.9970796],[23.7913288,37.9970593],[23.7912418,37.9971168],[23.7912641,37.9971375]]],[[[23.7912378,37.9971552],[23.7912156,37.9971344],[23.7911312,37.9971905],[23.7911527,37.9972108],[23.7912378,37.9971552]]],[[[23.7911045,37.9972429],[23.791083,37.9972226],[23.7908929,37.9973488],[23.7909144,37.9973691],[23.7911045,37.9972429]]]]}},{"type":"Feature","properties":{"id":"res-anastaseos-aspasias-elevtheriou-venizelou-r","category":"residents","street":"Αναστάσεως","from":"Ασπασίας","to":"Ελευθερίου Βενιζέλου","side":"r","zone":"Α-Δ","zoneSource":"p1-strips","lengthM":55.4,"estSpots":9,"calmTraffic":false,"excludedReason":null,"strips":3},"geometry":{"type":"MultiPolygon","coordinates":[[[[23.7905714,37.9976934],[23.7906633,37.9976323],[23.790641,37.9976115],[23.7905491,37.9976727],[23.7905714,37.9976934]]],[[[23.7904915,37.9976541],[23.7904698,37.9976327],[23.7902784,37.99776],[23.7902999,37.9977803],[23.7904915,37.9976541]]],[[[23.7905357,37.9977168],[23.7905142,37.9976965],[23.7903153,37.9978289],[23.7903376,37.9978497],[23.7905357,37.9977168]]]]}},{"type":"Feature","properties":{"id":"res-anastaseos-voutsina-aspasias-r","category":"residents","street":"Αναστάσεως","from":"Βουτσινά","to":"Ασπασίας","side":"r","zone":"Α-Δ","zoneSource":"p1-strips","lengthM":50.6,"estSpots":8,"calmTraffic":false,"excludedReason":null,"strips":3},"geometry":{"type":"MultiPolygon","coordinates":[[[[23.7899948,37.9980816],[23.7901872,37.9979569],[23.7901655,37.9979356],[23.7899725,37.9980609],[23.7899948,37.9980816]]],[[[23.7898657,37.9980631],[23.7898435,37.9980423],[23.7897054,37.9981349],[23.7897276,37.9981557],[23.7898657,37.9980631]]],[[[23.7899654,37.9981012],[23.7899439,37.9980809],[23.7898336,37.998153],[23.7898559,37.9981737],[23.7899654,37.9981012]]]]}},{"type":"Feature","properties":{"id":"res-anastaseos-metonos-voutsina-r","category":"residents","street":"Αναστάσεως","from":"Μέτωνος","to":"Βουτσινά","side":"r","zone":"Α-Δ","zoneSource":"p1-strips","lengthM":31.0,"estSpots":5,"calmTraffic":false,"excludedReason":null,"strips":2},"geometry":{"type":"MultiPolygon","coordinates":[[[[23.789461,37.9984344],[23.7895918,37.998348],[23.7895703,37.9983277],[23.7894401,37.9984135],[23.789461,37.9984344]]],[[[23.7892904,37.9985484],[23.7894297,37.9984547],[23.7894082,37.9984344],[23.7892681,37.9985277],[23.7892904,37.9985484]]]]}},{"type":"Feature","properties":{"id":"res-anastaseos-metonos-metonos-l","category":"residents","street":"Αναστάσεως","from":"Μέτωνος","to":"Μέτωνος","side":"l","zone":"Α","zoneSource":"p1-strips","lengthM":3.3,"estSpots":1,"calmTraffic":false,"excludedReason":null,"strips":1},"geometry":{"type":"Polygon","coordinates":[[[23.7889211,37.9988671],[23.7889849,37.9989275],[23.7890112,37.9989098],[23.7889474,37.9988494],[23.7889211,37.9988671]]]}},{"type":"Feature","properties":{"id":"res-anastaseos-tsigante-tsiaka-r","category":"residents","street":"Αναστάσεως","from":"Τσιγάντε","to":"Τσιάκα","side":"r","zone":"Α-Δ","zoneSource":"p1-strips","lengthM":12.6,"estSpots":2,"calmTraffic":false,"excludedReason":null,"strips":1},"geometry":{"type":"Polygon","coordinates":[[[23.7886886,37.9989102],[23.7887101,37.9989305],[23.7888201,37.9988573],[23.7887979,37.9988366],[23.7886886,37.9989102]]]}},{"type":"Feature","properties":{"id":"res-aristotelous-menippou-psaron-l","category":"residents","street":"Αριστοτέλους","from":"Μενίππου","to":"Ψαρών","side":"l","zone":"Γ","zoneSource":"p1-strips","lengthM":3.2,"estSpots":2,"calmTraffic":false,"excludedReason":null,"strips":1},"geometry":{"type":"Polygon","coordinates":[[[23.8052396,38.0062185],[23.8053379,38.0062567],[23.8053535,38.0062324],[23.8052545,38.0061938],[23.8052396,38.0062185]]]}},{"type":"Feature","properties":{"id":"res-aristotelous-menippou-psaron-r","category":"residents","street":"Αριστοτέλους","from":"Μενίππου","to":"Ψαρών","side":"r","zone":"Γ","zoneSource":"polygon","lengthM":114.7,"estSpots":18,"calmTraffic":false,"excludedReason":null,"strips":6},"geometry":{"type":"MultiPolygon","coordinates":[[[[23.8060719,38.0048244],[23.806042,38.0048125],[23.8059828,38.0049049],[23.8060127,38.0049168],[23.8060719,38.0048244]]],[[[23.8059548,38.0049477],[23.8058923,38.0050458],[23.8059236,38.0050576],[23.8059854,38.0049601],[23.8059548,38.0049477]]],[[[23.8058398,38.0051229],[23.8057424,38.0052682],[23.8057725,38.0052812],[23.8058697,38.0051348],[23.8058398,38.0051229]]],[[[23.8057073,38.0053795],[23.8056767,38.0053672],[23.8055921,38.0054972],[23.8056228,38.0055095],[23.8057073,38.0053795]]],[[[23.8055648,38.0055404],[23.8054673,38.0056847],[23.8054979,38.0056971],[23.8055955,38.0055528],[23.8055648,38.0055404]]],[[[23.8054476,38.0057142],[23.805246,38.0060191],[23.805276,38.006032],[23.8054782,38.0057266],[23.8054476,38.0057142]]]]}},{"type":"Feature","properties":{"id":"res-aristotelous-chiou-thivon-l","category":"residents","street":"Αριστοτέλους","from":"Χίου","to":"Θηβών","side":"l","zone":"Γ","zoneSource":"p1-strips","lengthM":3.4,"estSpots":2,"calmTraffic":false,"excludedReason":null,"strips":1},"geometry":{"type":"Polygon","coordinates":[[[23.8046884,38.0070548],[23.8048033,38.0070985],[23.8048182,38.0070738],[23.804704,38.0070305],[23.8046884,38.0070548]]]}},{"type":"Feature","properties":{"id":"res-aristotelous-chiou-thivon-r","category":"residents","street":"Αριστοτέλους","from":"Χίου","to":"Θηβών","side":"r","zone":"Γ","zoneSource":"polygon","lengthM":43.6,"estSpots":7,"calmTraffic":false,"excludedReason":null,"strips":3},"geometry":{"type":"MultiPolygon","coordinates":[[[[23.8048582,38.0066551],[23.8049294,38.0065507],[23.8048993,38.0065378],[23.8048276,38.0066427],[23.8048582,38.0066551]]],[[[23.8048409,38.0066822],[23.8048103,38.0066698],[23.8047462,38.0067708],[23.8047768,38.0067832],[23.8048409,38.0066822]]],[[[23.8047594,38.0068092],[23.8047287,38.0067968],[23.8046364,38.0069395],[23.8046671,38.0069519],[23.8047594,38.0068092]]]]}},{"type":"Feature","properties":{"id":"res-aristotelous-levkados-chiou-r","category":"residents","street":"Αριστοτέλους","from":"Λευκάδος","to":"Χίου","side":"r","zone":"Γ","zoneSource":"polygon","lengthM":43.0,"estSpots":7,"calmTraffic":false,"excludedReason":null,"strips":2},"geometry":{"type":"MultiPolygon","coordinates":[[[[23.8044809,38.0072314],[23.8045583,38.0071086],[23.804527,38.0070968],[23.8044503,38.007219],[23.8044809,38.0072314]]],[[[23.8043211,38.0074749],[23.8044647,38.0072563],[23.804434,38.0072439],[23.8042918,38.0074624],[23.8043211,38.0074749]]]]}},{"type":"Feature","properties":{"id":"res-aristotelous-mesogeion-chrysanthemon-r","category":"residents","street":"Αριστοτέλους","from":"Μεσογείων","to":"Χρυσανθέμων","side":"r","zone":"Γ","zoneSource":"polygon","lengthM":35.0,"estSpots":6,"calmTraffic":false,"excludedReason":null,"strips":1},"geometry":{"type":"Polygon","coordinates":[[[23.8040664,38.0078069],[23.8040971,38.0078193],[23.80428,38.0075368],[23.8042494,38.0075244],[23.8040664,38.0078069]]]}},{"type":"Feature","properties":{"id":"res-aristofanous-agiou-ioanni-theologou-sarantaporou-r","category":"residents","street":"Αριστοφάνους","from":"Αγίου Ιωάννη Θεολόγου","to":"Σαρανταπόρου","side":"r","zone":"Α","zoneSource":"p1-strips","lengthM":3.2,"estSpots":4,"calmTraffic":false,"excludedReason":"Ανεπαρκές πλάτος","strips":1},"geometry":{"type":"Polygon","coordinates":[[[23.7904807,38.0015485],[23.7905054,38.0015669],[23.7907025,38.0014042],[23.7906779,38.0013859],[23.7904807,38.0015485]]]}},{"type":"Feature","properties":{"id":"res-aristofanous-xanthippou-agiou-ioanni-theologou-l","category":"residents","street":"Αριστοφάνους","from":"Ξανθίππου","to":"Αγίου Ιωάννη Θεολόγου","side":"l","zone":"Α","zoneSource":"p1-strips","lengthM":3.1,"estSpots":3,"calmTraffic":false,"excludedReason":"Ανεπαρκές πλάτος","strips":1},"geometry":{"type":"Polygon","coordinates":[[[23.7893656,38.000809],[23.7893885,38.0008292],[23.7895322,38.0007323],[23.7895107,38.000712],[23.7893656,38.000809]]]}},{"type":"Feature","properties":{"id":"res-aristofanous-anastaseos-xanthippou-l","category":"residents","street":"Αριστοφάνους","from":"Αναστάσεως","to":"Ξανθίππου","side":"l","zone":"Α","zoneSource":"p1-strips","lengthM":3.0,"estSpots":3,"calmTraffic":false,"excludedReason":"Ανεπαρκές πλάτος","strips":1},"geometry":{"type":"Polygon","coordinates":[[[23.7886217,38.0001424],[23.7886434,38.0001638],[23.7888052,38.0000549],[23.7887837,38.0000346],[23.7886217,38.0001424]]]}},{"type":"Feature","properties":{"id":"res-arkadiou-chiou-menippou-r","category":"residents","street":"Αρκαδίου","from":"Χίου","to":"Μενίππου","side":"r","zone":"Γ","zoneSource":"p1-strips","lengthM":49.8,"estSpots":8,"calmTraffic":false,"excludedReason":null,"strips":5},"geometry":{"type":"MultiPolygon","coordinates":[[[[23.8064177,38.006895],[23.8063877,38.006882],[23.8063195,38.0069833],[23.8063502,38.0069957],[23.8064177,38.006895]]],[[[23.8062847,38.0071017],[23.8062541,38.0070893],[23.8062106,38.0071574],[23.8062412,38.0071698],[23.8062847,38.0071017]]],[[[23.8062097,38.0072173],[23.8061791,38.0072049],[23.8061122,38.0073099],[23.8061434,38.0073217],[23.8062097,38.0072173]]],[[[23.8060953,38.0073354],[23.8060615,38.0073901],[23.8060927,38.0074019],[23.8061266,38.0073472],[23.8060953,38.0073354]]],[[[23.8060222,38.0074453],[23.8059767,38.0075141],[23.8060068,38.0075271],[23.8060529,38.0074577],[23.8060222,38.0074453]]]]}},{"type":"Feature","properties":{"id":"res-arkadiou-menippou-zacharia-papantoniou-r","category":"residents","street":"Αρκαδίου","from":"Μενίππου","to":"Ζαχαρία Παπαντωνίου","side":"r","zone":"Γ","zoneSource":"p1-strips","lengthM":23.5,"estSpots":4,"calmTraffic":false,"excludedReason":null,"strips":2},"geometry":{"type":"MultiPolygon","coordinates":[[[[23.8067326,38.006408],[23.8067759,38.0063426],[23.8067452,38.0063302],[23.806702,38.0063956],[23.8067326,38.006408]]],[[[23.8066362,38.0065549],[23.8067156,38.0064324],[23.8066863,38.0064199],[23.8066055,38.0065425],[23.8066362,38.0065549]]]]}},{"type":"Feature","properties":{"id":"res-arkadiou-zacharia-papantoniou-psaron-r","category":"residents","street":"Αρκαδίου","from":"Ζαχαρία Παπαντωνίου","to":"Ψαρών","side":"r","zone":"Γ","zoneSource":"p1-strips","lengthM":81.5,"estSpots":13,"calmTraffic":false,"excludedReason":null,"strips":5},"geometry":{"type":"MultiPolygon","coordinates":[[[[23.8074066,38.0053751],[23.8073767,38.0053632],[23.8073339,38.0054269],[23.8073646,38.0054393],[23.8074066,38.0053751]]],[[[23.8073259,38.0054988],[23.8072953,38.0054864],[23.8072055,38.0056229],[23.8072362,38.0056353],[23.8073259,38.0054988]]],[[[23.8071422,38.0057808],[23.8071122,38.0057679],[23.8070445,38.0058724],[23.8070744,38.0058843],[23.8071422,38.0057808]]],[[[23.8070043,38.0059348],[23.8068813,38.0061254],[23.8069119,38.0061378],[23.8070349,38.0059472],[23.8070043,38.0059348]]],[[[23.806864,38.0061525],[23.8067591,38.0063078],[23.8067892,38.0063207],[23.8068933,38.006165],[23.806864,38.0061525]]]]}},{"type":"Feature","properties":{"id":"res-artemidos-kyprou-nikomideias-r","category":"residents","street":"Αρτέμιδος","from":"Κύπρου","to":"Νικομήδειας","side":"r","zone":"Δ","zoneSource":"p1-strips","lengthM":17.2,"estSpots":3,"calmTraffic":false,"excludedReason":null,"strips":1},"geometry":{"type":"Polygon","coordinates":[[[23.7893847,37.9949098],[23.7895218,37.9950297],[23.7895465,37.9950112],[23.7894102,37.9948917],[23.7893847,37.9949098]]]}},{"type":"Feature","properties":{"id":"res-artemidos-nikomideias-efesou-r","category":"residents","street":"Αρτέμιδος","from":"Νικομήδειας","to":"Εφέσου","side":"r","zone":"Δ","zoneSource":"p1-strips","lengthM":61.8,"estSpots":10,"calmTraffic":false,"excludedReason":null,"strips":5},"geometry":{"type":"MultiPolygon","coordinates":[[[[23.789936,37.9953632],[23.7898625,37.9952977],[23.789837,37.9953158],[23.7899105,37.9953813],[23.789936,37.9953632]]],[[[23.7900744,37.9954879],[23.7899898,37.9954115],[23.7899635,37.9954291],[23.7900489,37.995506],[23.7900744,37.9954879]]],[[[23.790196,37.9955963],[23.7900973,37.9955081],[23.7900711,37.9955257],[23.7901698,37.9956139],[23.790196,37.9955963]]],[[[23.7902176,37.9956166],[23.7901919,37.9956336],[23.7902908,37.9957228],[23.7903171,37.9957052],[23.7902176,37.9956166]]],[[[23.7903377,37.9957239],[23.7903122,37.995742],[23.7904198,37.9958386],[23.7904452,37.9958205],[23.7903377,37.9957239]]]]}},{"type":"Feature","properties":{"id":"res-artemidos-efesou-korytsas-l","category":"residents","street":"Αρτέμιδος","from":"Εφέσου","to":"Κορυτσάς","side":"l","zone":"Δ","zoneSource":"p1-strips","lengthM":9.6,"estSpots":6,"calmTraffic":false,"excludedReason":null,"strips":3},"geometry":{"type":"MultiPolygon","coordinates":[[[[23.7908015,37.9964983],[23.7909245,37.9964147],[23.790903,37.9963945],[23.7907787,37.9964781],[23.7908015,37.9964983]]],[[[23.7909592,37.9964452],[23.7909375,37.9964239],[23.7908062,37.9965109],[23.7908284,37.9965317],[23.7909592,37.9964452]]],[[[23.7907796,37.9965128],[23.7907581,37.9964925],[23.7906676,37.9965535],[23.7906898,37.9965743],[23.7907796,37.9965128]]]]}},{"type":"Feature","properties":{"id":"res-artemidos-efesou-korytsas-r","category":"residents","street":"Αρτέμιδος","from":"Εφέσου","to":"Κορυτσάς","side":"r","zone":"Δ","zoneSource":"p1-strips","lengthM":20.5,"estSpots":3,"calmTraffic":false,"excludedReason":null,"strips":1},"geometry":{"type":"Polygon","coordinates":[[[23.7907677,37.9961793],[23.7909164,37.996322],[23.7909426,37.9963044],[23.7907947,37.9961621],[23.7907677,37.9961793]]]}},{"type":"Feature","properties":{"id":"res-artemidos-korytsas-anastaseos-l","category":"residents","street":"Αρτέμιδος","from":"Κορυτσάς","to":"Αναστάσεως","side":"l","zone":"Α","zoneSource":"p1-strips","lengthM":3.0,"estSpots":2,"calmTraffic":false,"excludedReason":null,"strips":1},"geometry":{"type":"Polygon","coordinates":[[[23.7913894,37.9970184],[23.7914117,37.9970392],[23.7915099,37.9969742],[23.7914876,37.9969535],[23.7913894,37.9970184]]]}},{"type":"Feature","properties":{"id":"res-artemidos-korytsas-anastaseos-r","category":"residents","street":"Αρτέμιδος","from":"Κορυτσάς","to":"Αναστάσεως","side":"r","zone":"Δ","zoneSource":"p1-strips","lengthM":26.4,"estSpots":4,"calmTraffic":false,"excludedReason":null,"strips":1},"geometry":{"type":"Polygon","coordinates":[[[23.7911552,37.9965456],[23.7913455,37.9967291],[23.7913725,37.996712],[23.7911814,37.996528],[23.7911552,37.9965456]]]}},{"type":"Feature","properties":{"id":"res-artemidos-anastaseos-xanthippou-l","category":"residents","street":"Αρτέμιδος","from":"Αναστάσεως","to":"Ξανθίππου","side":"l","zone":"Α","zoneSource":"p1-strips","lengthM":3.1,"estSpots":2,"calmTraffic":false,"excludedReason":null,"strips":1},"geometry":{"type":"Polygon","coordinates":[[[23.7921875,37.9977784],[23.792209,37.9977986],[23.7922978,37.9977394],[23.7922763,37.9977191],[23.7921875,37.9977784]]]}},{"type":"Feature","properties":{"id":"res-artemidos-anastaseos-xanthippou-r","category":"residents","street":"Αρτέμιδος","from":"Αναστάσεως","to":"Ξανθίππου","side":"r","zone":"Α","zoneSource":"p1-strips","lengthM":28.9,"estSpots":5,"calmTraffic":false,"excludedReason":null,"strips":2},"geometry":{"type":"MultiPolygon","coordinates":[[[[23.7921386,37.9974596],[23.7921649,37.997442],[23.7920459,37.9973285],[23.7920203,37.9973456],[23.7921386,37.9974596]]],[[[23.7922512,37.9975671],[23.7922775,37.9975495],[23.7921871,37.9974628],[23.7921602,37.9974799],[23.7922512,37.9975671]]]]}},{"type":"Feature","properties":{"id":"res-artemidos-xanthippou-agiou-ioanni-theologou-l","category":"residents","street":"Αρτέμιδος","from":"Ξανθίππου","to":"Αγίου Ιωάννη Θεολόγου","side":"l","zone":"Α","zoneSource":"p1-strips","lengthM":3.3,"estSpots":4,"calmTraffic":false,"excludedReason":null,"strips":1},"geometry":{"type":"Polygon","coordinates":[[[23.7928104,37.9984995],[23.7928327,37.9985203],[23.7930251,37.9983907],[23.7930028,37.9983699],[23.7928104,37.9984995]]]}},{"type":"Feature","properties":{"id":"res-artemidos-xanthippou-agiou-ioanni-theologou-r","category":"residents","street":"Αρτέμιδος","from":"Ξανθίππου","to":"Αγίου Ιωάννη Θεολόγου","side":"r","zone":"Α","zoneSource":"p1-strips","lengthM":29.3,"estSpots":5,"calmTraffic":false,"excludedReason":null,"strips":3},"geometry":{"type":"MultiPolygon","coordinates":[[[[23.792695,37.9979853],[23.7927213,37.9979677],[23.792632,37.9978836],[23.7926064,37.9979006],[23.792695,37.9979853]]],[[[23.7928577,37.998097],[23.7928075,37.99805],[23.7927819,37.998067],[23.7928307,37.9981141],[23.7928577,37.998097]]],[[[23.7929678,37.998202],[23.7928943,37.9981316],[23.7928681,37.9981492],[23.7929422,37.998219],[23.7929678,37.998202]]]]}},{"type":"Feature","properties":{"id":"res-artemidos-agiou-ioanni-theologou-sarantaporou-l","category":"residents","street":"Αρτέμιδος","from":"Αγίου Ιωάννη Θεολόγου","to":"Σαρανταπόρου","side":"l","zone":"Α","zoneSource":"p1-strips","lengthM":3.5,"estSpots":2,"calmTraffic":false,"excludedReason":null,"strips":1},"geometry":{"type":"Polygon","coordinates":[[[23.7935342,37.9989773],[23.7935588,37.9989956],[23.7936758,37.9988996],[23.7936504,37.9988807],[23.7935342,37.9989773]]]}},{"type":"Feature","properties":{"id":"res-artemidos-agiou-ioanni-theologou-sarantaporou-r","category":"residents","street":"Αρτέμιδος","from":"Αγίου Ιωάννη Θεολόγου","to":"Σαρανταπόρου","side":"r","zone":"Α","zoneSource":"p1-strips","lengthM":21.8,"estSpots":4,"calmTraffic":false,"excludedReason":null,"strips":3},"geometry":{"type":"MultiPolygon","coordinates":[[[[23.7934099,37.9985986],[23.7934343,37.9985779],[23.7933451,37.9985085],[23.7933201,37.9985298],[23.7934099,37.9985986]]],[[[23.7935143,37.9986787],[23.7935395,37.9986584],[23.7934582,37.9985958],[23.793433,37.9986161],[23.7935143,37.9986787]]]]}},{"type":"Feature","properties":{"id":"res-artemidos-sarantaporou-ymittou-r","category":"residents","street":"Αρτέμιδος","from":"Σαρανταπόρου","to":"Υμηττού","side":"r","zone":"Α","zoneSource":"p1-strips","lengthM":59.1,"estSpots":9,"calmTraffic":false,"excludedReason":null,"strips":2},"geometry":{"type":"MultiPolygon","coordinates":[[[[23.7942405,37.9992339],[23.7942645,37.9992148],[23.7938483,37.9989006],[23.7938245,37.9989207],[23.7942405,37.9992339]]],[[[23.7945054,37.9994338],[23.7945293,37.9994148],[23.7944658,37.9993653],[23.7944412,37.9993849],[23.7945054,37.9994338]]]]}},{"type":"Feature","properties":{"id":"res-artemidos-ymittou-aetideon-r","category":"residents","street":"Αρτέμιδος","from":"Υμηττού","to":"Αετιδέων","side":"r","zone":"Α","zoneSource":"p1-strips","lengthM":71.1,"estSpots":11,"calmTraffic":false,"excludedReason":null,"strips":5},"geometry":{"type":"MultiPolygon","coordinates":[[[[23.7949407,37.999729],[23.7947582,37.9995893],[23.7947336,37.999609],[23.7949168,37.999748],[23.7949407,37.999729]]],[[[23.7951371,37.9999114],[23.7950035,37.9998101],[23.7949803,37.9998296],[23.7951139,37.9999309],[23.7951371,37.9999114]]],[[[23.7953156,38.0000465],[23.7951797,37.9999439],[23.7951557,37.9999629],[23.7952924,38.000066],[23.7953156,38.0000465]]],[[[23.7953402,38.0000649],[23.795317,38.0000844],[23.7953966,38.000145],[23.7954198,38.0001255],[23.7953402,38.0000649]]],[[[23.7954453,38.0001443],[23.7954213,38.0001633],[23.7954716,38.0002016],[23.7954955,38.0001826],[23.7954453,38.0001443]]]]}},{"type":"Feature","properties":{"id":"res-aspasias-sarantaporou-end-l","category":"residents","street":"Ασπασίας","from":"Σαρανταπόρου","to":null,"side":"l","zone":"Α","zoneSource":"p1-strips","lengthM":0.0,"estSpots":1,"calmTraffic":false,"excludedReason":null,"strips":1},"geometry":{"type":"Polygon","coordinates":[[[23.7930556,38.0004392],[23.7930823,38.0004481],[23.7931066,38.0004079],[23.7930806,38.0003994],[23.7930556,38.0004392]]]}},{"type":"Feature","properties":{"id":"res-aspasias-sarantaporou-end-r","category":"residents","street":"Ασπασίας","from":"Σαρανταπόρου","to":null,"side":"r","zone":"Α","zoneSource":"p1-strips","lengthM":32.4,"estSpots":8,"calmTraffic":false,"excludedReason":null,"strips":3},"geometry":{"type":"MultiPolygon","coordinates":[[[[23.7929039,38.0001962],[23.7929271,38.0001766],[23.7926607,37.9999757],[23.7926367,37.9999948],[23.7929039,38.0001962]]],[[[23.7931447,38.0004288],[23.7931607,38.0004293],[23.7931809,38.0004417],[23.793198,38.0004312],[23.7932184,38.0004448],[23.7932599,38.0004144],[23.7932371,38.0003991],[23.7932239,38.0004072],[23.7932171,38.0004069],[23.7931984,38.0003948],[23.7932013,38.0003845],[23.7931536,38.0003584],[23.7931066,38.0004078],[23.7931447,38.0004288]]]]}},{"type":"Feature","properties":{"id":"res-aspasias-ymittou-aetideon-l","category":"residents","street":"Ασπασίας","from":"Υμηττού","to":"Αετιδέων","side":"l","zone":"Α","zoneSource":"p1-strips","lengthM":24.4,"estSpots":3,"calmTraffic":false,"excludedReason":null,"strips":8},"geometry":{"type":"Polygon","coordinates":[[[23.7934239,38.0010018],[23.7934513,38.0010037],[23.7934502,38.0010221],[23.7934783,38.0010223],[23.7934875,38.0009909],[23.7935161,38.0009895],[23.7935198,38.0009598],[23.7935466,38.0009541],[23.7935443,38.0009108],[23.7935165,38.0009128],[23.7934769,38.0009574],[23.7934239,38.0010018]]]}},{"type":"Feature","properties":{"id":"res-aspasias-ymittou-aetideon-r","category":"residents","street":"Ασπασίας","from":"Υμηττού","to":"Αετιδέων","side":"r","zone":"Α","zoneSource":"p1-strips","lengthM":51.4,"estSpots":8,"calmTraffic":false,"excludedReason":null,"strips":3},"geometry":{"type":"MultiPolygon","coordinates":[[[[23.7940205,38.0010066],[23.7940437,38.0009871],[23.7938649,38.0008498],[23.7938417,38.0008693],[23.7940205,38.0010066]]],[[[23.7941765,38.0011248],[23.7940495,38.0010317],[23.7940263,38.0010512],[23.7941533,38.0011443],[23.7941765,38.0011248]]],[[[23.7943312,38.0012383],[23.7942125,38.0011503],[23.7941893,38.0011698],[23.7943074,38.0012584],[23.7943312,38.0012383]]]]}},{"type":"Feature","properties":{"id":"res-aspasias-faneromenis-miltiadou-r","category":"residents","street":"Ασπασίας","from":"Φανερωμένης","to":"Μιλτιάδου","side":"r","zone":"Β","zoneSource":"p1-strips","lengthM":126.8,"estSpots":21,"calmTraffic":false,"excludedReason":null,"strips":3},"geometry":{"type":"MultiPolygon","coordinates":[[[[23.7976287,38.0038331],[23.7976316,38.0038507],[23.797656,38.0038534],[23.797657,38.0038695],[23.7976806,38.0038714],[23.7976824,38.0038884],[23.7977063,38.0038911],[23.7977071,38.0039067],[23.7977326,38.0039071],[23.7977335,38.0038668],[23.7976071,38.0037731],[23.7976062,38.0038318],[23.7976287,38.0038331]]],[[[23.7980657,38.0040487],[23.7976966,38.0037561],[23.7976727,38.0037752],[23.7980418,38.0040677],[23.7980657,38.0040487]]],[[[23.7986096,38.00448],[23.7981093,38.0040828],[23.7980852,38.0041017],[23.7985857,38.0044989],[23.7986096,38.00448]]]]}},{"type":"Feature","properties":{"id":"res-aspasias-agiou-ioanni-theologou-sarantaporou-r","category":"residents","street":"Ασπασίας","from":"Αγίου Ιωάννη Θεολόγου","to":"Σαρανταπόρου","side":"r","zone":"Α","zoneSource":"p1-strips","lengthM":62.5,"estSpots":10,"calmTraffic":false,"excludedReason":null,"strips":3},"geometry":{"type":"MultiPolygon","coordinates":[[[[23.7920261,37.9994974],[23.7920501,37.9994783],[23.7918268,37.9993093],[23.791803,37.9993294],[23.7920261,37.9994974]]],[[[23.7922128,37.9996046],[23.7920773,37.9995003],[23.7920541,37.9995198],[23.7921888,37.9996236],[23.7922128,37.9996046]]],[[[23.7924524,37.9997868],[23.7922985,37.999669],[23.7922753,37.9996885],[23.7924284,37.9998058],[23.7924524,37.9997868]]]]}},{"type":"Feature","properties":{"id":"res-aspasias-aetideon-perikleous-r","category":"residents","street":"Ασπασίας","from":"Αετιδέων","to":"Περικλέους","side":"r","zone":"Α","zoneSource":"p1-strips","lengthM":41.0,"estSpots":7,"calmTraffic":false,"excludedReason":null,"strips":2},"geometry":{"type":"MultiPolygon","coordinates":[[[[23.7947184,38.0015421],[23.794743,38.0015225],[23.7945076,38.001341],[23.7944836,38.00136],[23.7947184,38.0015421]]],[[[23.7950075,38.0017855],[23.7950315,38.0017665],[23.7949344,38.0016901],[23.7949105,38.0017092],[23.7950075,38.0017855]]]]}},{"type":"Feature","properties":{"id":"res-aspasias-xanthippou-agiou-ioanni-theologou-r","category":"residents","street":"Ασπασίας","from":"Ξανθίππου","to":"Αγίου Ιωάννη Θεολόγου","side":"r","zone":"Α","zoneSource":"p1-strips","lengthM":46.9,"estSpots":7,"calmTraffic":false,"excludedReason":null,"strips":4},"geometry":{"type":"MultiPolygon","coordinates":[[[[23.7912746,37.9988445],[23.7911902,37.9987654],[23.791164,37.998783],[23.7912483,37.9988621],[23.7912746,37.9988445]]],[[[23.7914272,37.9989907],[23.7913394,37.9989076],[23.7913132,37.9989252],[23.7914008,37.9990073],[23.7914272,37.9989907]]],[[[23.7915484,37.9991056],[23.791449,37.9990132],[23.7914234,37.9990302],[23.7915222,37.9991232],[23.7915484,37.9991056]]],[[[23.7916442,37.9991968],[23.7915746,37.9991298],[23.7915484,37.9991475],[23.7916178,37.9992133],[23.7916442,37.9991968]]]]}},{"type":"Feature","properties":{"id":"res-aspasias-perikleous-ventouri-r","category":"residents","street":"Ασπασίας","from":"Περικλέους","to":"Βεντούρη","side":"r","zone":"Β","zoneSource":"p1-strips","lengthM":56.9,"estSpots":9,"calmTraffic":false,"excludedReason":null,"strips":3},"geometry":{"type":"MultiPolygon","coordinates":[[[[23.7954637,38.0021054],[23.7954869,38.0020858],[23.7952898,38.0019361],[23.7952666,38.0019556],[23.7954637,38.0021054]]],[[[23.7955818,38.002157],[23.7955173,38.0021059],[23.7954928,38.0021255],[23.7955578,38.002176],[23.7955818,38.002157]]],[[[23.7958131,38.002334],[23.7956148,38.0021757],[23.7955908,38.0021947],[23.7957891,38.002353],[23.7958131,38.002334]]]]}},{"type":"Feature","properties":{"id":"res-aspasias-anastaseos-xanthippou-l","category":"residents","street":"Ασπασίας","from":"Αναστάσεως","to":"Ξανθίππου","side":"l","zone":"Α","zoneSource":"p1-strips","lengthM":3.2,"estSpots":2,"calmTraffic":false,"excludedReason":null,"strips":1},"geometry":{"type":"Polygon","coordinates":[[[23.7907679,37.9987227],[23.7907902,37.9987435],[23.7909247,37.9986545],[23.7909032,37.9986342],[23.7907679,37.9987227]]]}},{"type":"Feature","properties":{"id":"res-aspasias-anastaseos-xanthippou-r","category":"residents","street":"Ασπασίας","from":"Αναστάσεως","to":"Ξανθίππου","side":"r","zone":"Α","zoneSource":"p1-strips","lengthM":54.0,"estSpots":9,"calmTraffic":false,"excludedReason":null,"strips":4},"geometry":{"type":"MultiPolygon","coordinates":[[[[23.7904972,37.998086],[23.7904121,37.9980063],[23.7903859,37.9980239],[23.790471,37.9981036],[23.7904972,37.998086]]],[[[23.7905983,37.9981804],[23.7905219,37.9981092],[23.7904963,37.9981262],[23.7905721,37.998198],[23.7905983,37.9981804]]],[[[23.7908578,37.9984238],[23.7906703,37.998245],[23.790644,37.9982626],[23.7908316,37.9984414],[23.7908578,37.9984238]]],[[[23.7909536,37.998515],[23.7909083,37.998473],[23.7908827,37.99849],[23.7909274,37.9985326],[23.7909536,37.998515]]]]}},{"type":"Feature","properties":{"id":"res-aspasias-ventouri-faneromenis-l","category":"residents","street":"Ασπασίας","from":"Βεντούρη","to":"Φανερωμένης","side":"l","zone":"Β","zoneSource":"p1-strips","lengthM":5.8,"estSpots":1,"calmTraffic":false,"excludedReason":null,"strips":1},"geometry":{"type":"Polygon","coordinates":[[[23.7969067,38.0033421],[23.7969066,38.0033595],[23.7969765,38.0033596],[23.7969669,38.003342],[23.7969067,38.0033421]]]}},{"type":"Feature","properties":{"id":"res-aspasias-ventouri-faneromenis-r","category":"residents","street":"Ασπασίας","from":"Βεντούρη","to":"Φανερωμένης","side":"r","zone":"Β","zoneSource":"p1-strips","lengthM":101.0,"estSpots":14,"calmTraffic":false,"excludedReason":null,"strips":9},"geometry":{"type":"MultiPolygon","coordinates":[[[[23.7961644,38.0026037],[23.796027,38.0025001],[23.7960038,38.0025196],[23.7961412,38.0026232],[23.7961644,38.0026037]]],[[[23.7962141,38.0026426],[23.7961909,38.0026621],[23.7963649,38.0027955],[23.7963888,38.0027753],[23.7962141,38.0026426]]],[[[23.796485,38.0028464],[23.7964612,38.0028665],[23.7966574,38.0030146],[23.7966812,38.0029945],[23.796485,38.0028464]]],[[[23.7967965,38.0030833],[23.7967078,38.0030171],[23.7966848,38.0030377],[23.7967733,38.0031028],[23.7967965,38.0030833]]],[[[23.7968783,38.0032192],[23.7968217,38.003175],[23.796824,38.0032329],[23.7968812,38.0032765],[23.7968783,38.0032192]]],[[[23.796965,38.003328],[23.7969926,38.0033287],[23.7969915,38.0033077],[23.7969349,38.0032635],[23.7969369,38.0033192],[23.7969607,38.0033197],[23.796965,38.003328]]]]}},{"type":"Feature","properties":{"id":"res-aspasias-korytsas-anastaseos-l","category":"residents","street":"Ασπασίας","from":"Κορυτσάς","to":"Αναστάσεως","side":"l","zone":"Α","zoneSource":"p1-strips","lengthM":3.3,"estSpots":4,"calmTraffic":true,"excludedReason":null,"strips":1},"geometry":{"type":"Polygon","coordinates":[[[23.7898976,37.9980091],[23.7899199,37.9980299],[23.790139,37.9978859],[23.7901167,37.9978651],[23.7898976,37.9980091]]]}},{"type":"Feature","properties":{"id":"res-aspasias-korytsas-anastaseos-r","category":"residents","street":"Ασπασίας","from":"Κορυτσάς","to":"Αναστάσεως","side":"r","zone":"Δ","zoneSource":"p1-strips","lengthM":71.6,"estSpots":11,"calmTraffic":true,"excludedReason":null,"strips":1},"geometry":{"type":"Polygon","coordinates":[[[23.7896572,37.9973163],[23.790174,37.9978114],[23.7902002,37.9977939],[23.7896829,37.9972994],[23.7896572,37.9973163]]]}},{"type":"Feature","properties":{"id":"res-aspasias-efesou-korytsas-r","category":"residents","street":"Ασπασίας","from":"Εφέσου","to":"Κορυτσάς","side":"r","zone":"Δ","zoneSource":"p1-strips","lengthM":51.2,"estSpots":8,"calmTraffic":true,"excludedReason":null,"strips":1},"geometry":{"type":"Polygon","coordinates":[[[23.789232,37.9969078],[23.7896069,37.9972682],[23.7896324,37.9972513],[23.7892582,37.9968902],[23.789232,37.9969078]]]}},{"type":"Feature","properties":{"id":"res-aspasias-kyprou-efesou-r","category":"residents","street":"Ασπασίας","from":"Κύπρου","to":"Εφέσου","side":"r","zone":"Δ","zoneSource":"p1-strips","lengthM":137.7,"estSpots":23,"calmTraffic":true,"excludedReason":null,"strips":2},"geometry":{"type":"MultiPolygon","coordinates":[[[[23.7885614,37.9963232],[23.7887254,37.996459],[23.7891584,37.996851],[23.7891839,37.9968329],[23.7887509,37.9964409],[23.7885853,37.9963041],[23.7881029,37.9959648],[23.7880804,37.9959848],[23.7885614,37.9963232]]],[[[23.7891821,37.9969048],[23.789263,37.996862],[23.7892439,37.9968393],[23.789163,37.9968821],[23.7891821,37.9969048]]]]}},{"type":"Feature","properties":{"id":"res-aidiniou-nikomideias-efesou-l","category":"residents","street":"Αϊδινίου","from":"Νικομήδειας","to":"Εφέσου","side":"l","zone":"Δ","zoneSource":"p1-strips","lengthM":6.3,"estSpots":3,"calmTraffic":false,"excludedReason":"Ανεπαρκές πλάτος","strips":2},"geometry":{"type":"Polygon","coordinates":[[[23.7899112,37.9964281],[23.7899334,37.9964489],[23.7900384,37.9963784],[23.7900115,37.9963568],[23.7900104,37.9963511],[23.7899887,37.9963297],[23.7899265,37.9963686],[23.7899468,37.99639],[23.7899611,37.9963824],[23.7899683,37.9963889],[23.7899112,37.9964281]]]}},{"type":"Feature","properties":{"id":"res-aidiniou-nikomideias-efesou-r","category":"residents","street":"Αϊδινίου","from":"Νικομήδειας","to":"Εφέσου","side":"r","zone":"Δ","zoneSource":"p1-strips","lengthM":2.9,"estSpots":1,"calmTraffic":false,"excludedReason":"Ανεπαρκές πλάτος","strips":1},"geometry":{"type":"Polygon","coordinates":[[[23.7900445,37.9963403],[23.7900653,37.9963601],[23.7901515,37.9963022],[23.7901309,37.9962835],[23.7900445,37.9963403]]]}},{"type":"Feature","properties":{"id":"res-ventouri-mesogeion-agamemnonos-r","category":"residents","street":"Βεντούρη","from":"Μεσογείων","to":"Αγαμέμνονος","side":"r","zone":"Β","zoneSource":"p1-strips","lengthM":40.7,"estSpots":7,"calmTraffic":false,"excludedReason":null,"strips":2},"geometry":{"type":"MultiPolygon","coordinates":[[[[23.79429,38.0038034],[23.7944596,38.0036634],[23.7944348,38.003644],[23.7942654,38.0037851],[23.79429,38.0038034]]],[[[23.7941139,38.00395],[23.7942631,38.0038255],[23.7942384,38.0038071],[23.7940892,38.0039317],[23.7941139,38.00395]]]]}},{"type":"Feature","properties":{"id":"res-ventouri-agamemnonos-voutsina-r","category":"residents","street":"Βεντούρη","from":"Αγαμέμνονος","to":"Βουτσινά","side":"r","zone":"Β","zoneSource":"p1-strips","lengthM":95.0,"estSpots":15,"calmTraffic":false,"excludedReason":null,"strips":2},"geometry":{"type":"MultiPolygon","coordinates":[[[[23.7950951,38.0031427],[23.7952852,38.0029834],[23.7952597,38.0029645],[23.7950696,38.0031238],[23.7950951,38.0031427]]],[[[23.794511,38.0036244],[23.7950663,38.0031626],[23.7950416,38.0031444],[23.7944862,38.0036061],[23.794511,38.0036244]]]]}},{"type":"Feature","properties":{"id":"res-ventouri-voutsina-aspasias-r","category":"residents","street":"Βεντούρη","from":"Βουτσινά","to":"Ασπασίας","side":"r","zone":"Β","zoneSource":"p1-strips","lengthM":44.8,"estSpots":7,"calmTraffic":false,"excludedReason":null,"strips":2},"geometry":{"type":"MultiPolygon","coordinates":[[[[23.7956594,38.0027175],[23.7958535,38.0025579],[23.7958295,38.0025389],[23.7956346,38.0026981],[23.7956594,38.0027175]]],[[[23.7954743,38.0028644],[23.7956346,38.0027361],[23.7956098,38.0027167],[23.7954503,38.0028454],[23.7954743,38.0028644]]]]}},{"type":"Feature","properties":{"id":"res-ventouri-aspasias-elevtheriou-venizelou-r","category":"residents","street":"Βεντούρη","from":"Ασπασίας","to":"Ελευθερίου Βενιζέλου","side":"r","zone":"Β","zoneSource":"p1-strips","lengthM":34.3,"estSpots":6,"calmTraffic":false,"excludedReason":null,"strips":2},"geometry":{"type":"MultiPolygon","coordinates":[[[[23.7961994,38.0022294],[23.7963101,38.0021372],[23.7962854,38.0021188],[23.7961753,38.0022105],[23.7961994,38.0022294]]],[[[23.7959974,38.0023969],[23.7961559,38.0022655],[23.7961305,38.0022466],[23.795972,38.002378],[23.7959974,38.0023969]]]]}},{"type":"Feature","properties":{"id":"res-voutsina-ventouri-faneromenis-r","category":"residents","street":"Βουτσινά","from":"Βεντούρη","to":"Φανερωμένης","side":"r","zone":"Β","zoneSource":"p1-strips","lengthM":172.7,"estSpots":26,"calmTraffic":false,"excludedReason":null,"strips":8},"geometry":{"type":"MultiPolygon","coordinates":[[[[23.7956817,38.0030887],[23.7955079,38.0029575],[23.7954841,38.0029776],[23.7956585,38.0031082],[23.7956817,38.0030887]]],[[[23.7954621,38.0029959],[23.7954389,38.0030154],[23.7957143,38.0032269],[23.7957383,38.0032079],[23.7954621,38.0029959]]],[[[23.7957354,38.0031272],[23.7957114,38.0031462],[23.7958053,38.0032196],[23.7958298,38.0032],[23.7957354,38.0031272]]],[[[23.7958907,38.0032449],[23.7958667,38.003264],[23.7961089,38.0034497],[23.7961321,38.0034302],[23.7958907,38.0032449]]],[[[23.7959869,38.0033947],[23.7959623,38.0034143],[23.796125,38.0035406],[23.796149,38.0035216],[23.7959869,38.0033947]]],[[[23.7963806,38.0036507],[23.7963833,38.0036586],[23.7964751,38.0037268],[23.7964695,38.003661],[23.7964441,38.0036615],[23.7964386,38.0036378],[23.7964121,38.0036376],[23.7964078,38.0036146],[23.7963812,38.0036145],[23.7963776,38.0035918],[23.7963508,38.0035916],[23.7963468,38.0035686],[23.7963182,38.0035701],[23.7963224,38.0036126],[23.7963717,38.0036494],[23.7963806,38.0036507]]],[[[23.7962518,38.0035996],[23.7962397,38.0036153],[23.7964793,38.0037975],[23.7965038,38.0037915],[23.7962518,38.0035996]]]]}},{"type":"Feature","properties":{"id":"res-voutsina-faneromenis-miltiadou-r","category":"residents","street":"Βουτσινά","from":"Φανερωμένης","to":"Μιλτιάδου","side":"r","zone":"Β","zoneSource":"p1-strips","lengthM":72.1,"estSpots":12,"calmTraffic":false,"excludedReason":null,"strips":4},"geometry":{"type":"MultiPolygon","coordinates":[[[[23.7975557,38.0044416],[23.7974059,38.0043283],[23.7973819,38.0043474],[23.7975325,38.0044612],[23.7975557,38.0044416]]],[[[23.7977956,38.0046211],[23.7977019,38.0045488],[23.797678,38.0045678],[23.7977711,38.0046408],[23.7977956,38.0046211]]],[[[23.7981466,38.0048838],[23.7978651,38.0046734],[23.7978412,38.0046924],[23.7981221,38.0049034],[23.7981466,38.0048838]]],[[[23.7982585,38.0049675],[23.7981921,38.0049171],[23.7981681,38.0049361],[23.7982345,38.0049865],[23.7982585,38.0049675]]]]}},{"type":"Feature","properties":{"id":"res-voutsina-perikleous-ventouri-r","category":"residents","street":"Βουτσινά","from":"Περικλέους","to":"Βεντούρη","side":"r","zone":"Β","zoneSource":"p1-strips","lengthM":94.3,"estSpots":15,"calmTraffic":false,"excludedReason":null,"strips":6},"geometry":{"type":"MultiPolygon","coordinates":[[[[23.7950322,38.0025933],[23.7947236,38.002362],[23.7946998,38.0023821],[23.7950089,38.0026128],[23.7950322,38.0025933]]],[[[23.7950608,38.0026151],[23.7950361,38.0026336],[23.7950945,38.0026809],[23.7951184,38.0026619],[23.7950608,38.0026151]]],[[[23.7949545,38.0026069],[23.7949306,38.002626],[23.7950243,38.0026983],[23.7950482,38.0026792],[23.7949545,38.0026069]]],[[[23.7951572,38.0027621],[23.7950812,38.0027028],[23.795058,38.0027223],[23.7951332,38.0027811],[23.7951572,38.0027621]]],[[[23.7951863,38.0027122],[23.7951631,38.0027317],[23.7953264,38.0028574],[23.7953496,38.0028378],[23.7951863,38.0027122]]],[[[23.7951905,38.0027878],[23.7951673,38.0028074],[23.7952392,38.0028621],[23.795263,38.002842],[23.7951905,38.0027878]]]]}},{"type":"Feature","properties":{"id":"res-voutsina-aetideon-perikleous-r","category":"residents","street":"Βουτσινά","from":"Αετιδέων","to":"Περικλέους","side":"r","zone":"Α","zoneSource":"p1-strips","lengthM":86.4,"estSpots":14,"calmTraffic":false,"excludedReason":null,"strips":3},"geometry":{"type":"MultiPolygon","coordinates":[[[[23.7942099,38.0020061],[23.7942345,38.0019865],[23.7941443,38.0019193],[23.7941211,38.0019388],[23.7942099,38.0020061]]],[[[23.7944308,38.0022107],[23.794072,38.0019412],[23.7940488,38.0019607],[23.7944076,38.0022302],[23.7944308,38.0022107]]],[[[23.7945343,38.0022142],[23.794271,38.0020152],[23.7942478,38.0020347],[23.7945111,38.0022338],[23.7945343,38.0022142]]]]}},{"type":"Feature","properties":{"id":"res-voutsina-ymittou-aetideon-r","category":"residents","street":"Βουτσινά","from":"Υμηττού","to":"Αετιδέων","side":"r","zone":"Α","zoneSource":"p1-strips","lengthM":114.3,"estSpots":19,"calmTraffic":false,"excludedReason":null,"strips":11},"geometry":{"type":"MultiPolygon","coordinates":[[[[23.7932392,38.0011236],[23.7932664,38.0011021],[23.7932917,38.0011117],[23.7933149,38.0010869],[23.7933461,38.0010942],[23.7933653,38.0010695],[23.7933933,38.0010741],[23.79341,38.001047],[23.7934385,38.0010498],[23.7934543,38.0010033],[23.7934227,38.001003],[23.7934182,38.0010123],[23.7934063,38.0010132],[23.7933762,38.0010322],[23.7933377,38.001045],[23.7933315,38.001052],[23.7933166,38.0010524],[23.7932909,38.0010596],[23.7932836,38.001068],[23.7932469,38.001068],[23.7932397,38.0010733],[23.793179,38.0010732],[23.7931791,38.0010927],[23.7932392,38.0011236]]],[[[23.7932399,38.0011844],[23.7932147,38.0011835],[23.7932107,38.0011632],[23.7931841,38.0011605],[23.7931813,38.0011409],[23.7931545,38.0011406],[23.7931559,38.0011823],[23.7932471,38.0012473],[23.7932399,38.0011844]]],[[[23.7930357,38.0011635],[23.7930266,38.0011812],[23.7931052,38.0012391],[23.7931253,38.0012313],[23.7930357,38.0011635]]],[[[23.7933793,38.0014225],[23.7933127,38.0013711],[23.7932887,38.0013901],[23.793356,38.001442],[23.7933793,38.0014225]]],[[[23.7934623,38.0014833],[23.7934391,38.0015029],[23.7937082,38.0017084],[23.7937315,38.0016889],[23.7934623,38.0014833]]],[[[23.7936404,38.0015414],[23.7936172,38.0015609],[23.7937973,38.0016981],[23.7938219,38.0016784],[23.7936404,38.0015414]]]]}},{"type":"Feature","properties":{"id":"res-voutsina-sarantaporou-ymittou-l","category":"residents","street":"Βουτσινά","from":"Σαρανταπόρου","to":"Υμηττού","side":"l","zone":"Α","zoneSource":"p1-strips","lengthM":13.6,"estSpots":2,"calmTraffic":false,"excludedReason":null,"strips":1},"geometry":{"type":"Polygon","coordinates":[[[23.7927659,38.0011356],[23.7927829,38.0011531],[23.7929689,38.001149],[23.79298,38.0011306],[23.7927659,38.0011356]]]}},{"type":"Feature","properties":{"id":"res-voutsina-sarantaporou-ymittou-r","category":"residents","street":"Βουτσινά","from":"Σαρανταπόρου","to":"Υμηττού","side":"r","zone":"Α","zoneSource":"p1-strips","lengthM":93.8,"estSpots":14,"calmTraffic":false,"excludedReason":null,"strips":11},"geometry":{"type":"MultiPolygon","coordinates":[[[[23.7924303,38.0006645],[23.7922234,38.0005038],[23.7921994,38.0005228],[23.7924065,38.0006847],[23.7924303,38.0006645]]],[[[23.7925821,38.0007304],[23.7925769,38.0006619],[23.7925502,38.0006628],[23.7925537,38.0007146],[23.7925821,38.0007304]]],[[[23.7927302,38.000757],[23.7927142,38.0007424],[23.7927315,38.0007286],[23.7927196,38.0007158],[23.7927196,38.0007108],[23.7927392,38.0007013],[23.7927261,38.0006825],[23.7927512,38.0006709],[23.7927249,38.000632],[23.7927004,38.000643],[23.7927079,38.0006623],[23.7926863,38.0006731],[23.7926968,38.0006924],[23.7926767,38.000706],[23.7926891,38.0007251],[23.7926708,38.0007402],[23.7927091,38.000772],[23.7927302,38.000757]]],[[[23.7927781,38.0009427],[23.7927419,38.0009074],[23.79266,38.0008444],[23.7926429,38.000859],[23.7927232,38.0009209],[23.7927586,38.0009549],[23.7927781,38.0009427]]],[[[23.7928153,38.0010583],[23.7928767,38.0010532],[23.7928464,38.0010237],[23.7928511,38.0010139],[23.7927955,38.0009585],[23.7927259,38.0009753],[23.7927769,38.0010297],[23.7927725,38.0010346],[23.7927226,38.0010462],[23.7927555,38.0010785],[23.7927874,38.001065],[23.7928153,38.0010583]]]]}},{"type":"Feature","properties":{"id":"res-voutsina-agiou-ioanni-theologou-sarantaporou-l","category":"residents","street":"Βουτσινά","from":"Αγίου Ιωάννη Θεολόγου","to":"Σαρανταπόρου","side":"l","zone":"Α","zoneSource":"p1-strips","lengthM":6.1,"estSpots":5,"calmTraffic":false,"excludedReason":null,"strips":2},"geometry":{"type":"MultiPolygon","coordinates":[[[[23.7918692,38.0004435],[23.7919366,38.0003884],[23.791912,38.00037],[23.7918452,38.0004245],[23.7918692,38.0004435]]],[[[23.7917199,38.0005066],[23.791897,38.0003616],[23.7918729,38.0003426],[23.7916959,38.0004877],[23.7917199,38.0005066]]]]}},{"type":"Feature","properties":{"id":"res-voutsina-agiou-ioanni-theologou-sarantaporou-r","category":"residents","street":"Βουτσινά","from":"Αγίου Ιωάννη Θεολόγου","to":"Σαρανταπόρου","side":"r","zone":"Α","zoneSource":"p1-strips","lengthM":32.8,"estSpots":5,"calmTraffic":false,"excludedReason":null,"strips":1},"geometry":{"type":"Polygon","coordinates":[[[23.791603,38.0000703],[23.7918715,38.0002765],[23.7918947,38.000257],[23.7916269,38.0000513],[23.791603,38.0000703]]]}},{"type":"Feature","properties":{"id":"res-voutsina-xanthippou-agiou-ioanni-theologou-l","category":"residents","street":"Βουτσινά","from":"Ξανθίππου","to":"Αγίου Ιωάννη Θεολόγου","side":"l","zone":"Α","zoneSource":"p1-strips","lengthM":3.1,"estSpots":2,"calmTraffic":false,"excludedReason":null,"strips":1},"geometry":{"type":"Polygon","coordinates":[[[23.7909261,37.999767],[23.7909484,37.9997877],[23.7910502,37.9997191],[23.7910287,37.9996989],[23.7909261,37.999767]]]}},{"type":"Feature","properties":{"id":"res-voutsina-xanthippou-agiou-ioanni-theologou-r","category":"residents","street":"Βουτσινά","from":"Ξανθίππου","to":"Αγίου Ιωάννη Θεολόγου","side":"r","zone":"Α","zoneSource":"polygon","lengthM":49.2,"estSpots":8,"calmTraffic":false,"excludedReason":null,"strips":4},"geometry":{"type":"MultiPolygon","coordinates":[[[[23.7905913,37.9991747],[23.7904835,37.9990721],[23.7904565,37.9990893],[23.790565,37.9991923],[23.7905913,37.9991747]]],[[[23.7907,37.9992749],[23.7906537,37.9992303],[23.7906267,37.9992475],[23.7906731,37.9992921],[23.7907,37.9992749]]],[[[23.7908328,37.9994029],[23.7907531,37.9993228],[23.7907267,37.9993393],[23.7908064,37.9994194],[23.7908328,37.9994029]]],[[[23.7910346,37.9995897],[23.7909155,37.9994751],[23.7908893,37.9994928],[23.7910084,37.9996073],[23.7910346,37.9995897]]]]}},{"type":"Feature","properties":{"id":"res-voutsina-anastaseos-xanthippou-l","category":"residents","street":"Βουτσινά","from":"Αναστάσεως","to":"Ξανθίππου","side":"l","zone":"Α","zoneSource":"p1-strips","lengthM":3.1,"estSpots":1,"calmTraffic":false,"excludedReason":null,"strips":1},"geometry":{"type":"Polygon","coordinates":[[[23.790231,37.9990823],[23.7902533,37.9991031],[23.7903295,37.9990515],[23.7903072,37.9990308],[23.790231,37.9990823]]]}},{"type":"Feature","properties":{"id":"res-voutsina-anastaseos-xanthippou-r","category":"residents","street":"Βουτσινά","from":"Αναστάσεως","to":"Ξανθίππου","side":"r","zone":"Α","zoneSource":"polygon","lengthM":54.4,"estSpots":9,"calmTraffic":false,"excludedReason":null,"strips":4},"geometry":{"type":"MultiPolygon","coordinates":[[[[23.7898076,37.9984384],[23.789743,37.9983726],[23.789716,37.9983898],[23.7897812,37.9984549],[23.7898076,37.9984384]]],[[[23.7899799,37.9986018],[23.7898756,37.9984995],[23.7898492,37.9985161],[23.7899529,37.998619],[23.7899799,37.9986018]]],[[[23.7901628,37.9987768],[23.790045,37.9986621],[23.790018,37.9986793],[23.7901364,37.9987933],[23.7901628,37.9987768]]],[[[23.790309,37.998917],[23.7902108,37.9988185],[23.7901844,37.9988351],[23.7902819,37.9989331],[23.790309,37.998917]]]]}},{"type":"Feature","properties":{"id":"res-voutsina-efesou-anastaseos-l","category":"residents","street":"Βουτσινά","from":"Εφέσου","to":"Αναστάσεως","side":"l","zone":"Δ","zoneSource":"p1-strips","lengthM":3.4,"estSpots":3,"calmTraffic":true,"excludedReason":null,"strips":1},"geometry":{"type":"Polygon","coordinates":[[[23.7893538,37.9983682],[23.7893755,37.9983896],[23.789566,37.9982656],[23.789545,37.9982447],[23.7893538,37.9983682]]]}},{"type":"Feature","properties":{"id":"res-voutsina-efesou-anastaseos-r","category":"residents","street":"Βουτσινά","from":"Εφέσου","to":"Αναστάσεως","side":"r","zone":"Δ","zoneSource":"p1-strips","lengthM":129.3,"estSpots":21,"calmTraffic":true,"excludedReason":null,"strips":1},"geometry":{"type":"Polygon","coordinates":[[[23.7886479,37.997301],[23.7895993,37.9981891],[23.7896255,37.9981716],[23.7886742,37.9972835],[23.7886479,37.997301]]]}},{"type":"Feature","properties":{"id":"res-voutsina-kyprou-efesou-r","category":"residents","street":"Βουτσινά","from":"Κύπρου","to":"Εφέσου","side":"r","zone":"Δ","zoneSource":"p1-strips","lengthM":126.0,"estSpots":20,"calmTraffic":true,"excludedReason":null,"strips":1},"geometry":{"type":"Polygon","coordinates":[[[23.7875598,37.9964178],[23.7881222,37.9968587],[23.7885597,37.997238],[23.7885851,37.9972199],[23.788147,37.9968402],[23.7875839,37.9963989],[23.7875598,37.9964178]]]}},{"type":"Feature","properties":{"id":"res-doridos-chiou-menippou-l","category":"residents","street":"Δωρίδος","from":"Χίου","to":"Μενίππου","side":"l","zone":"Β","zoneSource":"p1-strips","lengthM":3.3,"estSpots":2,"calmTraffic":false,"excludedReason":null,"strips":1},"geometry":{"type":"Polygon","coordinates":[[[23.8015819,38.0061001],[23.8017387,38.0061486],[23.8017515,38.0061236],[23.8015947,38.006075],[23.8015819,38.0061001]]]}},{"type":"Feature","properties":{"id":"res-doridos-chiou-menippou-r","category":"residents","street":"Δωρίδος","from":"Χίου","to":"Μενίππου","side":"r","zone":"Β","zoneSource":"polygon","lengthM":71.8,"estSpots":11,"calmTraffic":false,"excludedReason":null,"strips":2},"geometry":{"type":"MultiPolygon","coordinates":[[[[23.8017776,38.0056241],[23.8019577,38.0052522],[23.8019262,38.0052432],[23.8017453,38.0056146],[23.8017776,38.0056241]]],[[[23.8016523,38.0058833],[23.8017645,38.0056519],[23.8017328,38.0056418],[23.80162,38.0058738],[23.8016523,38.0058833]]]]}},{"type":"Feature","properties":{"id":"res-doridos-menippou-psaron-r","category":"residents","street":"Δωρίδος","from":"Μενίππου","to":"Ψαρών","side":"r","zone":"Β","zoneSource":"polygon","lengthM":133.7,"estSpots":21,"calmTraffic":false,"excludedReason":null,"strips":9},"geometry":{"type":"MultiPolygon","coordinates":[[[[23.8026753,38.0036189],[23.8026252,38.0037267],[23.8026575,38.0037362],[23.8027068,38.0036279],[23.8026753,38.0036189]]],[[[23.8026171,38.0037459],[23.8025854,38.0038156],[23.802617,38.0038247],[23.8026493,38.0037554],[23.8026171,38.0037459]]],[[[23.8025759,38.003835],[23.8025416,38.0039098],[23.8025745,38.0039188],[23.8026088,38.0038439],[23.8025759,38.003835]]],[[[23.8025335,38.0039291],[23.8024851,38.004034],[23.8025173,38.0040435],[23.802565,38.0039381],[23.8025335,38.0039291]]],[[[23.8024763,38.0040539],[23.8023885,38.0042461],[23.8024208,38.0042556],[23.8025086,38.0040634],[23.8024763,38.0040539]]],[[[23.8023589,38.0043151],[23.8022728,38.0045045],[23.8023043,38.0045135],[23.8023912,38.0043246],[23.8023589,38.0043151]]],[[[23.8022617,38.0045229],[23.8021915,38.0046755],[23.8022238,38.004685],[23.802294,38.0045324],[23.8022617,38.0045229]]],[[[23.8021332,38.0048112],[23.8021653,38.0048197],[23.8022149,38.0047038],[23.8021827,38.0046953],[23.8021332,38.0048112]]],[[[23.8020623,38.0049644],[23.8020952,38.0049733],[23.8021527,38.0048458],[23.8021206,38.0048374],[23.8020623,38.0049644]]]]}},{"type":"Feature","properties":{"id":"res-elevtheriou-venizelou-kyprou-nikomideias-r","category":"residents","street":"Ελευθερίου Βενιζέλου","from":"Κύπρου","to":"Νικομήδειας","side":"r","zone":"Δ","zoneSource":"p1-strips","lengthM":13.0,"estSpots":2,"calmTraffic":false,"excludedReason":null,"strips":1},"geometry":{"type":"Polygon","coordinates":[[[23.7887942,37.9955345],[23.7888932,37.9956199],[23.7889173,37.995602],[23.7888189,37.995516],[23.7887942,37.9955345]]]}},{"type":"Feature","properties":{"id":"res-elevtheriou-venizelou-nikomideias-efesou-l","category":"residents","street":"Ελευθερίου Βενιζέλου","from":"Νικομήδειας","to":"Εφέσου","side":"l","zone":"Δ","zoneSource":"p1-strips","lengthM":6.7,"estSpots":5,"calmTraffic":false,"excludedReason":null,"strips":2},"geometry":{"type":"MultiPolygon","coordinates":[[[[23.7897158,37.996584],[23.7897609,37.9965549],[23.7897386,37.9965342],[23.7896941,37.9965627],[23.7897158,37.996584]]],[[[23.789464,37.9967017],[23.7896865,37.9965531],[23.7896642,37.9965323],[23.7894417,37.996681],[23.789464,37.9967017]]]]}},{"type":"Feature","properties":{"id":"res-elevtheriou-venizelou-nikomideias-efesou-r","category":"residents","street":"Ελευθερίου Βενιζέλου","from":"Νικομήδειας","to":"Εφέσου","side":"r","zone":"Δ","zoneSource":"p1-strips","lengthM":76.6,"estSpots":12,"calmTraffic":false,"excludedReason":null,"strips":2},"geometry":{"type":"MultiPolygon","coordinates":[[[[23.7894764,37.9961839],[23.789502,37.996167],[23.7890228,37.995707],[23.7889963,37.9957235],[23.7894764,37.9961839]]],[[[23.7896348,37.9963367],[23.7896618,37.9963196],[23.7895883,37.9962492],[23.7895621,37.9962668],[23.7896348,37.9963367]]]]}},{"type":"Feature","properties":{"id":"res-elevtheriou-venizelou-efesou-korytsas-r","category":"residents","street":"Ελευθερίου Βενιζέλου","from":"Εφέσου","to":"Κορυτσάς","side":"r","zone":"Δ","zoneSource":"p1-strips","lengthM":49.8,"estSpots":8,"calmTraffic":true,"excludedReason":null,"strips":1},"geometry":{"type":"Polygon","coordinates":[[[23.7898388,37.9965152],[23.7902112,37.9968584],[23.7902366,37.9968404],[23.7898646,37.9964982],[23.7898388,37.9965152]]]}},{"type":"Feature","properties":{"id":"res-elevtheriou-venizelou-korytsas-anastaseos-l","category":"residents","street":"Ελευθερίου Βενιζέλου","from":"Κορυτσάς","to":"Αναστάσεως","side":"l","zone":"Α-Δ","zoneSource":"p1-strips","lengthM":3.1,"estSpots":3,"calmTraffic":true,"excludedReason":null,"strips":1},"geometry":{"type":"Polygon","coordinates":[[[23.7905511,37.9975785],[23.7905733,37.9975993],[23.7907572,37.997477],[23.7907357,37.9974567],[23.7905511,37.9975785]]]}},{"type":"Feature","properties":{"id":"res-elevtheriou-venizelou-korytsas-anastaseos-r","category":"residents","street":"Ελευθερίου Βενιζέλου","from":"Κορυτσάς","to":"Αναστάσεως","side":"r","zone":"Δ","zoneSource":"p1-strips","lengthM":71.3,"estSpots":11,"calmTraffic":true,"excludedReason":null,"strips":1},"geometry":{"type":"Polygon","coordinates":[[[23.7902793,37.996906],[23.790774,37.9973814],[23.7907933,37.9974003],[23.7908179,37.9973816],[23.7903239,37.9969057],[23.7903063,37.9968888],[23.7902793,37.996906]]]}},{"type":"Feature","properties":{"id":"res-elevtheriou-venizelou-anastaseos-xanthippou-l","category":"residents","street":"Ελευθερίου Βενιζέλου","from":"Αναστάσεως","to":"Ξανθίππου","side":"l","zone":"Α","zoneSource":"p1-strips","lengthM":3.1,"estSpots":1,"calmTraffic":false,"excludedReason":null,"strips":1},"geometry":{"type":"Polygon","coordinates":[[[23.7914491,37.9982706],[23.7914713,37.9982913],[23.7915195,37.9982592],[23.791498,37.9982389],[23.7914491,37.9982706]]]}},{"type":"Feature","properties":{"id":"res-elevtheriou-venizelou-anastaseos-xanthippou-r","category":"residents","street":"Ελευθερίου Βενιζέλου","from":"Αναστάσεως","to":"Ξανθίππου","side":"r","zone":"Α","zoneSource":"p1-strips","lengthM":42.0,"estSpots":7,"calmTraffic":false,"excludedReason":null,"strips":3},"geometry":{"type":"MultiPolygon","coordinates":[[[[23.7911782,37.9978147],[23.7912044,37.9977971],[23.7910666,37.9976669],[23.7910402,37.9976834],[23.7911782,37.9978147]]],[[[23.7913855,37.9979689],[23.791266,37.9978561],[23.7912404,37.9978731],[23.7913593,37.9979865],[23.7913855,37.9979689]]],[[[23.791494,37.9980719],[23.7914454,37.9980259],[23.7914192,37.9980435],[23.7914678,37.9980896],[23.791494,37.9980719]]]]}},{"type":"Feature","properties":{"id":"res-elevtheriou-venizelou-xanthippou-agiou-ioanni-theologou-l","category":"residents","street":"Ελευθερίου Βενιζέλου","from":"Ξανθίππου","to":"Αγίου Ιωάννη Θεολόγου","side":"l","zone":"Α","zoneSource":"p1-strips","lengthM":3.3,"estSpots":2,"calmTraffic":false,"excludedReason":null,"strips":1},"geometry":{"type":"Polygon","coordinates":[[[23.79209,37.9989835],[23.7921428,37.9989836],[23.7922247,37.9989288],[23.7922032,37.9989085],[23.79209,37.9989835]]]}},{"type":"Feature","properties":{"id":"res-elevtheriou-venizelou-xanthippou-agiou-ioanni-theologou-r","category":"residents","street":"Ελευθερίου Βενιζέλου","from":"Ξανθίππου","to":"Αγίου Ιωάννη Θεολόγου","side":"r","zone":"Α","zoneSource":"p1-strips","lengthM":43.4,"estSpots":7,"calmTraffic":false,"excludedReason":null,"strips":2},"geometry":{"type":"MultiPolygon","coordinates":[[[[23.791993,37.9985801],[23.7920184,37.9985621],[23.7918992,37.9984513],[23.791873,37.998469],[23.791993,37.9985801]]],[[[23.7922158,37.9988209],[23.7922406,37.9988035],[23.7920409,37.998617],[23.7920147,37.9986347],[23.7922158,37.9988209]]]]}},{"type":"Feature","properties":{"id":"res-elevtheriou-venizelou-agiou-ioanni-theologou-sarantaporou-l","category":"residents","street":"Ελευθερίου Βενιζέλου","from":"Αγίου Ιωάννη Θεολόγου","to":"Σαρανταπόρου","side":"l","zone":"Α","zoneSource":"p1-strips","lengthM":3.1,"estSpots":2,"calmTraffic":false,"excludedReason":null,"strips":1},"geometry":{"type":"Polygon","coordinates":[[[23.7929047,37.9995523],[23.7929301,37.9995712],[23.7930086,37.9995075],[23.7929838,37.999488],[23.7929047,37.9995523]]]}},{"type":"Feature","properties":{"id":"res-elevtheriou-venizelou-agiou-ioanni-theologou-sarantaporou-r","category":"residents","street":"Ελευθερίου Βενιζέλου","from":"Αγίου Ιωάννη Θεολόγου","to":"Σαρανταπόρου","side":"r","zone":"Α","zoneSource":"p1-strips","lengthM":56.5,"estSpots":9,"calmTraffic":false,"excludedReason":null,"strips":2},"geometry":{"type":"MultiPolygon","coordinates":[[[[23.7926579,37.9991252],[23.7926818,37.9991051],[23.7924451,37.9989286],[23.7924219,37.9989481],[23.7926579,37.9991252]]],[[[23.7929127,37.9993169],[23.7929365,37.9992968],[23.7927046,37.9991253],[23.7926814,37.9991448],[23.7929127,37.9993169]]]]}},{"type":"Feature","properties":{"id":"res-elevtheriou-venizelou-sarantaporou-ymittou-r","category":"residents","street":"Ελευθερίου Βενιζέλου","from":"Σαρανταπόρου","to":"Υμηττού","side":"r","zone":"Α","zoneSource":"p1-strips","lengthM":56.6,"estSpots":9,"calmTraffic":false,"excludedReason":null,"strips":2},"geometry":{"type":"MultiPolygon","coordinates":[[[[23.7935124,37.9998055],[23.7935362,37.9997854],[23.7931315,37.9994842],[23.7931083,37.9995037],[23.7935124,37.9998055]]],[[[23.793758,37.9999866],[23.7937812,37.9999671],[23.7937172,37.9999193],[23.7936934,37.9999394],[23.793758,37.9999866]]]]}},{"type":"Feature","properties":{"id":"res-elevtheriou-venizelou-ymittou-aetideon-r","category":"residents","street":"Ελευθερίου Βενιζέλου","from":"Υμηττού","to":"Αετιδέων","side":"r","zone":"Α","zoneSource":"p1-strips","lengthM":74.5,"estSpots":12,"calmTraffic":false,"excludedReason":null,"strips":3},"geometry":{"type":"MultiPolygon","coordinates":[[[[23.7942453,38.0003319],[23.7942686,38.0003123],[23.7940657,38.0001561],[23.7940425,38.0001756],[23.7942453,38.0003319]]],[[[23.7945634,38.0005389],[23.7942895,38.0003284],[23.7942655,38.0003474],[23.7945394,38.0005579],[23.7945634,38.0005389]]],[[[23.7947735,38.000726],[23.794641,38.0006274],[23.7946178,38.0006469],[23.7947497,38.0007461],[23.7947735,38.000726]]]]}},{"type":"Feature","properties":{"id":"res-elevtheriou-venizelou-aetideon-perikleous-r","category":"residents","street":"Ελευθερίου Βενιζέλου","from":"Αετιδέων","to":"Περικλέους","side":"r","zone":"Α","zoneSource":"p1-strips","lengthM":65.0,"estSpots":10,"calmTraffic":false,"excludedReason":null,"strips":1},"geometry":{"type":"Polygon","coordinates":[[[23.7950023,38.0009375],[23.7955356,38.0013435],[23.7955588,38.0013242],[23.7950257,38.000918],[23.7950023,38.0009375]]]}},{"type":"Feature","properties":{"id":"res-elevtheriou-venizelou-perikleous-ventouri-r","category":"residents","street":"Ελευθερίου Βενιζέλου","from":"Περικλέους","to":"Βεντούρη","side":"r","zone":"Β","zoneSource":"p1-strips","lengthM":46.2,"estSpots":7,"calmTraffic":false,"excludedReason":null,"strips":3},"geometry":{"type":"MultiPolygon","coordinates":[[[[23.7960314,38.0016842],[23.7960546,38.0016647],[23.7959332,38.0015722],[23.79591,38.0015917],[23.7960314,38.0016842]]],[[[23.796118,38.0017132],[23.7960738,38.0016787],[23.79605,38.0016988],[23.7960948,38.0017327],[23.796118,38.0017132]]],[[[23.7963454,38.0018917],[23.7961372,38.0017272],[23.7961127,38.0017469],[23.7963214,38.0019107],[23.7963454,38.0018917]]]]}},{"type":"Feature","properties":{"id":"res-elevtheriou-venizelou-ventouri-faneromenis-r","category":"residents","street":"Ελευθερίου Βενιζέλου","from":"Βεντούρη","to":"Φανερωμένης","side":"r","zone":"Β","zoneSource":"p1-strips","lengthM":115.6,"estSpots":19,"calmTraffic":false,"excludedReason":null,"strips":6},"geometry":{"type":"MultiPolygon","coordinates":[[[[23.7967061,38.0021643],[23.7965715,38.0020615],[23.7965475,38.0020806],[23.7966828,38.0021838],[23.7967061,38.0021643]]],[[[23.7967524,38.0021992],[23.7967278,38.0022188],[23.7968686,38.0023265],[23.7968924,38.0023063],[23.7967524,38.0021992]]],[[[23.7969583,38.0023573],[23.796935,38.0023768],[23.797179,38.0025608],[23.7972022,38.0025413],[23.7969583,38.0023573]]],[[[23.7973439,38.0026505],[23.797247,38.0025752],[23.7972225,38.0025949],[23.7973207,38.00267],[23.7973439,38.0026505]]],[[[23.7973641,38.002666],[23.7973401,38.0026851],[23.7974601,38.0027778],[23.7974841,38.0027587],[23.7973641,38.002666]]],[[[23.797528,38.0027911],[23.7975042,38.0028112],[23.7977149,38.0029695],[23.7977381,38.0029499],[23.797528,38.0027911]]]]}},{"type":"Feature","properties":{"id":"res-elevtheriou-venizelou-faneromenis-ikarias-l","category":"residents","street":"Ελευθερίου Βενιζέλου","from":"Φανερωμένης","to":"Ικαρίας","side":"l","zone":"Β","zoneSource":"p1-strips","lengthM":5.1,"estSpots":3,"calmTraffic":false,"excludedReason":null,"strips":1},"geometry":{"type":"Polygon","coordinates":[[[23.7988927,38.0041491],[23.7989244,38.0041592],[23.7989973,38.0040151],[23.7989656,38.004005],[23.7988927,38.0041491]]]}},{"type":"Feature","properties":{"id":"res-elevtheriou-venizelou-faneromenis-ikarias-r","category":"residents","street":"Ελευθερίου Βενιζέλου","from":"Φανερωμένης","to":"Ικαρίας","side":"r","zone":"Β","zoneSource":"p1-strips","lengthM":81.1,"estSpots":13,"calmTraffic":false,"excludedReason":null,"strips":4},"geometry":{"type":"MultiPolygon","coordinates":[[[[23.7982476,38.0033333],[23.7980198,38.0031614],[23.7979966,38.0031809],[23.7982243,38.0033528],[23.7982476,38.0033333]]],[[[23.7984707,38.0035013],[23.7982877,38.0033633],[23.7982645,38.0033828],[23.7984475,38.0035208],[23.7984707,38.0035013]]],[[[23.7986559,38.0036407],[23.7985409,38.003554],[23.7985177,38.0035735],[23.7986327,38.0036602],[23.7986559,38.0036407]]],[[[23.7988651,38.003798],[23.7987247,38.0036925],[23.7987015,38.003712],[23.7988419,38.0038175],[23.7988651,38.003798]]]]}},{"type":"Feature","properties":{"id":"res-efesou-metonos-voutsina-r","category":"residents","street":"Εφέσου","from":"Μέτωνος","to":"Βουτσινά","side":"r","zone":"Δ","zoneSource":"p1-strips","lengthM":181.2,"estSpots":29,"calmTraffic":true,"excludedReason":null,"strips":1},"geometry":{"type":"Polygon","coordinates":[[[23.7875879,37.9979363],[23.7876088,37.9979572],[23.7878447,37.9978063],[23.7881472,37.9975986],[23.7891832,37.9969035],[23.7891617,37.9968834],[23.7881249,37.9975778],[23.7878225,37.9977854],[23.7875879,37.9979363]]]}},{"type":"Feature","properties":{"id":"res-efesou-aspasias-elevtheriou-venizelou-r","category":"residents","street":"Εφέσου","from":"Ασπασίας","to":"Ελευθερίου Βενιζέλου","side":"r","zone":"Δ","zoneSource":"p1-strips","lengthM":50.5,"estSpots":9,"calmTraffic":false,"excludedReason":null,"strips":3},"geometry":{"type":"MultiPolygon","coordinates":[[[[23.7894987,37.9967235],[23.7896385,37.996633],[23.789617,37.9966127],[23.7894771,37.9967022],[23.7894987,37.9967235]]],[[[23.7893168,37.9968402],[23.7894792,37.9967356],[23.7894576,37.9967143],[23.7894395,37.9967262],[23.7894323,37.9967264],[23.7894079,37.9967036],[23.7892679,37.9967969],[23.7893168,37.9968402]]]]}},{"type":"Feature","properties":{"id":"res-efesou-artemidos-magnisias-l","category":"residents","street":"Εφέσου","from":"Αρτέμιδος","to":"Μαγνησίας","side":"l","zone":"Δ","zoneSource":"p1-strips","lengthM":3.1,"estSpots":2,"calmTraffic":false,"excludedReason":"Ανεπαρκές πλάτος","strips":1},"geometry":{"type":"Polygon","coordinates":[[[23.7906308,37.9960506],[23.7907335,37.9961471],[23.7907591,37.9961301],[23.790657,37.996033],[23.7906308,37.9960506]]]}},{"type":"Feature","properties":{"id":"res-efesou-kydonion-fokaias-l","category":"residents","street":"Εφέσου","from":"Κυδωνίων","to":"Φώκαιας","side":"l","zone":"Δ","zoneSource":"p1-strips","lengthM":3.2,"estSpots":1,"calmTraffic":false,"excludedReason":"Ανεπαρκές πλάτος","strips":1},"geometry":{"type":"Polygon","coordinates":[[[23.7915421,37.9955393],[23.79158,37.9955776],[23.7916071,37.9955615],[23.7915693,37.9955232],[23.7915421,37.9955393]]]}},{"type":"Feature","properties":{"id":"res-efesou-kydonion-fokaias-r","category":"residents","street":"Εφέσου","from":"Κυδωνίων","to":"Φώκαιας","side":"r","zone":"Δ","zoneSource":"p1-strips","lengthM":6.2,"estSpots":1,"calmTraffic":false,"excludedReason":"Ανεπαρκές πλάτος","strips":2},"geometry":{"type":"Polygon","coordinates":[[[23.791481,37.9954786],[23.791518,37.9955154],[23.791545,37.9954982],[23.791508,37.9954615],[23.791481,37.9954786]]]}},{"type":"Feature","properties":{"id":"res-thivon-panagi-tsaldari-aristotelous-r","category":"residents","street":"Θηβών","from":"Παναγή Τσαλδάρη","to":"Αριστοτέλους","side":"r","zone":"Γ","zoneSource":"polygon","lengthM":4.8,"estSpots":5,"calmTraffic":false,"excludedReason":"Ιδιωτική οδός","strips":1},"geometry":{"type":"Polygon","coordinates":[[[23.8049168,38.0065117],[23.8049468,38.0065247],[23.8051085,38.0062794],[23.8050786,38.0062675],[23.8049168,38.0065117]]]}},{"type":"Feature","properties":{"id":"res-thoukydidou-anastaseos-xanthippou-r","category":"residents","street":"Θουκυδίδου","from":"Αναστάσεως","to":"Ξανθίππου","side":"r","zone":"Α","zoneSource":"p1-strips","lengthM":49.5,"estSpots":8,"calmTraffic":false,"excludedReason":null,"strips":2},"geometry":{"type":"MultiPolygon","coordinates":[[[[23.7878215,37.9999525],[23.7878485,37.9999354],[23.7876294,37.9997241],[23.787603,37.9997407],[23.7878215,37.9999525]]],[[[23.7879967,38.0001217],[23.7880231,38.0001051],[23.7878749,37.9999607],[23.7878485,37.9999772],[23.7879967,38.0001217]]]]}},{"type":"Feature","properties":{"id":"res-thoukydidou-xanthippou-agiou-ioanni-theologou-r","category":"residents","street":"Θουκυδίδου","from":"Ξανθίππου","to":"Αγίου Ιωάννη Θεολόγου","side":"r","zone":"Α","zoneSource":"p1-strips","lengthM":50.4,"estSpots":8,"calmTraffic":false,"excludedReason":null,"strips":3},"geometry":{"type":"MultiPolygon","coordinates":[[[[23.7885385,38.0006276],[23.7885647,38.00061],[23.7884644,38.000516],[23.7884382,38.0005336],[23.7885385,38.0006276]]],[[[23.7887926,38.0008248],[23.7886087,38.0006521],[23.7885825,38.0006697],[23.7887664,38.0008424],[23.7887926,38.0008248]]],[[[23.7889216,38.0009455],[23.7888384,38.0008651],[23.7888128,38.0008821],[23.7888952,38.000962],[23.7889216,38.0009455]]]]}},{"type":"Feature","properties":{"id":"res-ikarias-miltiadou-pythagora-l","category":"residents","street":"Ικαρίας","from":"Μιλτιάδου","to":"Πυθαγόρα","side":"l","zone":"Β","zoneSource":"p1-strips","lengthM":3.1,"estSpots":2,"calmTraffic":false,"excludedReason":null,"strips":1},"geometry":{"type":"Polygon","coordinates":[[[23.7997049,38.0043775],[23.799736,38.0043882],[23.7997812,38.0043036],[23.7997501,38.0042929],[23.7997049,38.0043775]]]}},{"type":"Feature","properties":{"id":"res-ikarias-miltiadou-pythagora-r","category":"residents","street":"Ικαρίας","from":"Μιλτιάδου","to":"Πυθαγόρα","side":"r","zone":"Β","zoneSource":"p1-strips","lengthM":18.8,"estSpots":3,"calmTraffic":false,"excludedReason":null,"strips":1},"geometry":{"type":"Polygon","coordinates":[[[23.7993011,38.0040458],[23.7994942,38.0041171],[23.7995084,38.0040919],[23.7993154,38.0040216],[23.7993011,38.0040458]]]}},{"type":"Feature","properties":{"id":"res-ikarias-pythagora-menippou-r","category":"residents","street":"Ικαρίας","from":"Πυθαγόρα","to":"Μενίππου","side":"r","zone":"Β","zoneSource":"p1-strips","lengthM":36.8,"estSpots":6,"calmTraffic":false,"excludedReason":null,"strips":2},"geometry":{"type":"MultiPolygon","coordinates":[[[[23.8002338,38.0043749],[23.8002466,38.0043499],[23.7999459,38.0042521],[23.7999324,38.0042767],[23.8002338,38.0043749]]],[[[23.8003745,38.0044212],[23.800388,38.0043966],[23.8003034,38.0043669],[23.8002892,38.0043921],[23.8003745,38.0044212]]]]}},{"type":"Feature","properties":{"id":"res-korytsas-aspasias-elevtheriou-venizelou-r","category":"residents","street":"Κορυτσάς","from":"Ασπασίας","to":"Ελευθερίου Βενιζέλου","side":"r","zone":"Δ","zoneSource":"p1-strips","lengthM":61.2,"estSpots":10,"calmTraffic":true,"excludedReason":null,"strips":1},"geometry":{"type":"Polygon","coordinates":[[[23.7896718,37.9972476],[23.7896941,37.9972684],[23.7902253,37.996912],[23.790203,37.9968913],[23.7896718,37.9972476]]]}},{"type":"Feature","properties":{"id":"res-korytsas-elevtheriou-venizelou-artemidos-r","category":"residents","street":"Κορυτσάς","from":"Ελευθερίου Βενιζέλου","to":"Αρτέμιδος","side":"r","zone":"Δ","zoneSource":"p1-strips","lengthM":68.5,"estSpots":12,"calmTraffic":false,"excludedReason":null,"strips":5},"geometry":{"type":"MultiPolygon","coordinates":[[[[23.7905837,37.996646],[23.7905909,37.9966483],[23.7905912,37.9966538],[23.7905842,37.996659],[23.7906065,37.9966798],[23.7907678,37.9965726],[23.7907456,37.9965518],[23.7906451,37.9966185],[23.7906365,37.9966171],[23.7906367,37.9966102],[23.7906151,37.9965888],[23.7905614,37.9966252],[23.7905837,37.996646]]],[[[23.7903301,37.9968171],[23.790344,37.9968079],[23.7903514,37.9968083],[23.7903764,37.9968335],[23.7905759,37.9967005],[23.7905536,37.9966797],[23.7905463,37.9966838],[23.7905402,37.9966826],[23.7905387,37.9966762],[23.7905164,37.9966555],[23.7904221,37.996719],[23.7904509,37.9967422],[23.7904496,37.9967493],[23.7904217,37.9967651],[23.7903934,37.996739],[23.7903078,37.9967963],[23.7903301,37.9968171]]]]}},{"type":"Feature","properties":{"id":"res-korytsas-artemidos-kydonion-r","category":"residents","street":"Κορυτσάς","from":"Αρτέμιδος","to":"Κυδωνίων","side":"r","zone":"Δ","zoneSource":"p1-strips","lengthM":15.4,"estSpots":4,"calmTraffic":false,"excludedReason":null,"strips":2},"geometry":{"type":"MultiPolygon","coordinates":[[[[23.7911212,37.9962907],[23.7912279,37.9962184],[23.7912057,37.9961977],[23.7910989,37.99627],[23.7911212,37.9962907]]],[[[23.7911359,37.9965267],[23.7911629,37.9965096],[23.7910784,37.9964294],[23.7910527,37.9964464],[23.7911359,37.9965267]]]]}},{"type":"Feature","properties":{"id":"res-korytsas-kydonion-smyrnis-r","category":"residents","street":"Κορυτσάς","from":"Κυδωνίων","to":"Σμύρνης","side":"r","zone":"Δ","zoneSource":"p1-strips","lengthM":42.2,"estSpots":7,"calmTraffic":false,"excludedReason":null,"strips":3},"geometry":{"type":"MultiPolygon","coordinates":[[[[23.7922197,37.9955492],[23.7923284,37.9954761],[23.7923062,37.9954554],[23.7921982,37.9955289],[23.7922197,37.9955492]]],[[[23.7921899,37.9955704],[23.7921676,37.9955496],[23.7920546,37.9956257],[23.7920761,37.995646],[23.7921899,37.9955704]]],[[[23.7920461,37.9956662],[23.792024,37.9956465],[23.7918796,37.9957429],[23.7919018,37.9957637],[23.7920461,37.9956662]]]]}},{"type":"Feature","properties":{"id":"res-kydonion-kyprou-nikomideias-r","category":"residents","street":"Κυδωνίων","from":"Κύπρου","to":"Νικομήδειας","side":"r","zone":"Δ","zoneSource":"p1-strips","lengthM":17.5,"estSpots":3,"calmTraffic":false,"excludedReason":null,"strips":1},"geometry":{"type":"Polygon","coordinates":[[[23.7900106,37.9942682],[23.7901765,37.9943557],[23.7901952,37.9943333],[23.7900299,37.9942453],[23.7900106,37.9942682]]]}},{"type":"Feature","properties":{"id":"res-kydonion-nikomideias-efesou-r","category":"residents","street":"Κυδωνίων","from":"Νικομήδειας","to":"Εφέσου","side":"r","zone":"Δ","zoneSource":"p1-strips","lengthM":72.4,"estSpots":11,"calmTraffic":false,"excludedReason":null,"strips":3},"geometry":{"type":"MultiPolygon","coordinates":[[[[23.79091,37.9949281],[23.7909349,37.9949106],[23.7907142,37.994712],[23.7906887,37.9947301],[23.79091,37.9949281]]],[[[23.7910813,37.9950384],[23.7909578,37.9949308],[23.7909323,37.9949489],[23.7910566,37.995057],[23.7910813,37.9950384]]],[[[23.7913079,37.9952349],[23.791105,37.995059],[23.7910795,37.9950771],[23.7912832,37.9952534],[23.7913079,37.9952349]]]]}},{"type":"Feature","properties":{"id":"res-kydonion-efesou-korytsas-l","category":"residents","street":"Κυδωνίων","from":"Εφέσου","to":"Κορυτσάς","side":"l","zone":"Δ","zoneSource":"p1-strips","lengthM":3.1,"estSpots":4,"calmTraffic":false,"excludedReason":null,"strips":1},"geometry":{"type":"Polygon","coordinates":[[[23.7915105,37.9959925],[23.7915328,37.9960133],[23.7917639,37.9958573],[23.7917416,37.9958365],[23.7915105,37.9959925]]]}},{"type":"Feature","properties":{"id":"res-kydonion-efesou-korytsas-r","category":"residents","street":"Κυδωνίων","from":"Εφέσου","to":"Κορυτσάς","side":"r","zone":"Δ","zoneSource":"p1-strips","lengthM":6.9,"estSpots":1,"calmTraffic":false,"excludedReason":null,"strips":1},"geometry":{"type":"Polygon","coordinates":[[[23.791614,37.9956125],[23.7916622,37.9956602],[23.7916885,37.9956437],[23.791641,37.9955954],[23.791614,37.9956125]]]}},{"type":"Feature","properties":{"id":"res-kyprou-end-kydonion-r","category":"residents","street":"Κύπρου","from":null,"to":"Κυδωνίων","side":"r","zone":"Δ","zoneSource":"p1-strips","lengthM":34.4,"estSpots":5,"calmTraffic":false,"excludedReason":null,"strips":3},"geometry":{"type":"MultiPolygon","coordinates":[[[[23.7896529,37.9942914],[23.7897076,37.9942293],[23.7896792,37.9942134],[23.7896247,37.9942766],[23.7896529,37.9942914]]],[[[23.7896206,37.9943286],[23.7895924,37.9943138],[23.7895236,37.9943924],[23.789552,37.9944082],[23.7896206,37.9943286]]],[[[23.7894207,37.9945566],[23.7893955,37.9945389],[23.7892826,37.9946394],[23.7893078,37.9946572],[23.7894207,37.9945566]]]]}},{"type":"Feature","properties":{"id":"res-kyprou-aspasias-elevtheriou-venizelou-r","category":"residents","street":"Κύπρου","from":"Ασπασίας","to":"Ελευθερίου Βενιζέλου","side":"r","zone":"Δ","zoneSource":"p1-strips","lengthM":54.5,"estSpots":9,"calmTraffic":false,"excludedReason":null,"strips":1},"geometry":{"type":"Polygon","coordinates":[[[23.7881226,37.9958837],[23.7881498,37.9959007],[23.7885373,37.9955208],[23.7885126,37.9955012],[23.7881226,37.9958837]]]}},{"type":"Feature","properties":{"id":"res-kyprou-elevtheriou-venizelou-artemidos-l","category":"residents","street":"Κύπρου","from":"Ελευθερίου Βενιζέλου","to":"Αρτέμιδος","side":"l","zone":"Δ","zoneSource":"p1-strips","lengthM":4.9,"estSpots":2,"calmTraffic":false,"excludedReason":null,"strips":1},"geometry":{"type":"Polygon","coordinates":[[[23.7886777,37.9954333],[23.7887705,37.9955139],[23.788796,37.9954958],[23.7887032,37.9954152],[23.7886777,37.9954333]]]}},{"type":"Feature","properties":{"id":"res-kyprou-elevtheriou-venizelou-end-r","category":"residents","street":"Κύπρου","from":"Ελευθερίου Βενιζέλου","to":null,"side":"r","zone":"Δ","zoneSource":"p1-strips","lengthM":49.7,"estSpots":8,"calmTraffic":false,"excludedReason":null,"strips":3},"geometry":{"type":"MultiPolygon","coordinates":[[[[23.7890699,37.9949208],[23.7891363,37.9948447],[23.789108,37.9948299],[23.7890417,37.9949061],[23.7890699,37.9949208]]],[[[23.789017,37.9949811],[23.7889893,37.9949657],[23.7888193,37.995159],[23.7888477,37.9951749],[23.789017,37.9949811]]],[[[23.7887876,37.9952423],[23.78876,37.995227],[23.7886747,37.9953244],[23.7887024,37.9953398],[23.7887876,37.9952423]]]]}},{"type":"Feature","properties":{"id":"res-kyprou-kydonion-smyrnis-l","category":"residents","street":"Κύπρου","from":"Κυδωνίων","to":"Σμύρνης","side":"l","zone":"Δ","zoneSource":"p1-strips","lengthM":3.6,"estSpots":2,"calmTraffic":false,"excludedReason":null,"strips":1},"geometry":{"type":"Polygon","coordinates":[[[23.7898394,37.9941775],[23.7899793,37.9942516],[23.789998,37.9942292],[23.7898581,37.9941552],[23.7898394,37.9941775]]]}},{"type":"Feature","properties":{"id":"res-kyprou-kydonion-end-r","category":"residents","street":"Κύπρου","from":"Κυδωνίων","to":null,"side":"r","zone":"Δ","zoneSource":"p1-strips","lengthM":45.5,"estSpots":7,"calmTraffic":false,"excludedReason":null,"strips":3},"geometry":{"type":"MultiPolygon","coordinates":[[[[23.7902746,37.9935888],[23.7903422,37.9935114],[23.7903145,37.9934961],[23.7902464,37.993574],[23.7902746,37.9935888]]],[[[23.7902546,37.9936113],[23.7902263,37.9935965],[23.7901746,37.9936556],[23.7902023,37.993671],[23.7902546,37.9936113]]],[[[23.7900142,37.993886],[23.7899858,37.9938702],[23.7898112,37.9940693],[23.7898396,37.9940851],[23.7900142,37.993886]]]]}},{"type":"Feature","properties":{"id":"res-kyprou-magnisias-kydonion-l","category":"residents","street":"Κύπρου","from":"Μαγνησίας","to":"Κυδωνίων","side":"l","zone":"Δ","zoneSource":"p1-strips","lengthM":3.9,"estSpots":3,"calmTraffic":false,"excludedReason":null,"strips":1},"geometry":{"type":"Polygon","coordinates":[[[23.7895418,37.9944972],[23.7897333,37.9946094],[23.7897541,37.9945874],[23.7895625,37.9944752],[23.7895418,37.9944972]]]}},{"type":"Feature","properties":{"id":"res-kyprou-artemidos-magnisias-l","category":"residents","street":"Κύπρου","from":"Αρτέμιδος","to":"Μαγνησίας","side":"l","zone":"Δ","zoneSource":"p1-strips","lengthM":5.6,"estSpots":2,"calmTraffic":false,"excludedReason":null,"strips":1},"geometry":{"type":"Polygon","coordinates":[[[23.7892531,37.9947943],[23.7893547,37.9948832],[23.7893802,37.9948651],[23.7892786,37.9947762],[23.7892531,37.9947943]]]}},{"type":"Feature","properties":{"id":"res-kyprou-tsigante-tsiaka-l","category":"residents","street":"Κύπρου","from":"Τσιγάντε","to":"Τσιάκα","side":"l","zone":"Δ","zoneSource":"p1-strips","lengthM":3.2,"estSpots":1,"calmTraffic":false,"excludedReason":null,"strips":1},"geometry":{"type":"Polygon","coordinates":[[[23.7866403,37.997182],[23.7866624,37.9972017],[23.7866879,37.9971836],[23.786665,37.9971634],[23.7866403,37.997182]]]}},{"type":"Feature","properties":{"id":"res-kyprou-tsigante-tsiaka-l-2","category":"residents","street":"Κύπρου","from":"Τσιγάντε","to":"Τσιάκα","side":"l","zone":"Δ","zoneSource":"p1-strips","lengthM":6.6,"estSpots":1,"calmTraffic":false,"excludedReason":null,"strips":2},"geometry":{"type":"MultiPolygon","coordinates":[[[[23.7867121,37.9972503],[23.7867376,37.9972323],[23.7867155,37.9972126],[23.7866892,37.9972302],[23.7867121,37.9972503]]],[[[23.7867474,37.9972851],[23.7867744,37.997268],[23.7867527,37.9972466],[23.7867257,37.9972638],[23.7867474,37.9972851]]]]}},{"type":"Feature","properties":{"id":"res-kyprou-metonos-voutsina-l","category":"residents","street":"Κύπρου","from":"Μέτωνος","to":"Βουτσινά","side":"l","zone":"Δ","zoneSource":"p1-strips","lengthM":22.9,"estSpots":4,"calmTraffic":false,"excludedReason":null,"strips":1},"geometry":{"type":"Polygon","coordinates":[[[23.7873002,37.99659],[23.7873249,37.9966084],[23.7875024,37.9964568],[23.7874777,37.9964384],[23.7873002,37.99659]]]}},{"type":"Feature","properties":{"id":"res-kyprou-metonos-voutsina-r","category":"residents","street":"Κύπρου","from":"Μέτωνος","to":"Βουτσινά","side":"r","zone":"Δ","zoneSource":"p1-strips","lengthM":38.1,"estSpots":6,"calmTraffic":false,"excludedReason":null,"strips":1},"geometry":{"type":"Polygon","coordinates":[[[23.7871044,37.9965841],[23.7871285,37.9966031],[23.7874295,37.9963576],[23.7874048,37.9963392],[23.7871044,37.9965841]]]}},{"type":"Feature","properties":{"id":"res-kyprou-voutsina-aspasias-l","category":"residents","street":"Κύπρου","from":"Βουτσινά","to":"Ασπασίας","side":"l","zone":"Δ","zoneSource":"p1-strips","lengthM":38.4,"estSpots":7,"calmTraffic":false,"excludedReason":null,"strips":2},"geometry":{"type":"MultiPolygon","coordinates":[[[[23.7877843,37.9962304],[23.7880172,37.9960357],[23.7879925,37.9960173],[23.7877588,37.9962116],[23.7877843,37.9962304]]],[[[23.7876406,37.9963506],[23.7877549,37.9962548],[23.7877295,37.996236],[23.7876152,37.9963318],[23.7876406,37.9963506]]]]}},{"type":"Feature","properties":{"id":"res-kyprou-voutsina-aspasias-r","category":"residents","street":"Κύπρου","from":"Βουτσινά","to":"Ασπασίας","side":"r","zone":"Δ","zoneSource":"p1-strips","lengthM":41.7,"estSpots":7,"calmTraffic":false,"excludedReason":null,"strips":1},"geometry":{"type":"Polygon","coordinates":[[[23.7875133,37.9962504],[23.787538,37.9962688],[23.7878975,37.9959783],[23.7878735,37.9959593],[23.7875133,37.9962504]]]}},{"type":"Feature","properties":{"id":"res-lochagou-dedousi-mesogeion-chiou-r","category":"residents","street":"Λοχαγού Δεδούση","from":"Μεσογείων","to":"Χίου","side":"r","zone":"Γ","zoneSource":"polygon","lengthM":65.3,"estSpots":10,"calmTraffic":false,"excludedReason":null,"strips":6},"geometry":{"type":"MultiPolygon","coordinates":[[[[23.8052628,38.0073892],[23.8052334,38.0073756],[23.8051284,38.0075211],[23.8051585,38.0075341],[23.8052628,38.0073892]]],[[[23.8051116,38.0075466],[23.8050499,38.0076316],[23.8050794,38.0076451],[23.8051416,38.0075596],[23.8051116,38.0075466]]],[[[23.8050325,38.0076576],[23.80498,38.0077298],[23.8050094,38.0077434],[23.8050619,38.0076712],[23.8050325,38.0076576]]],[[[23.8049606,38.0078131],[23.8049305,38.0078001],[23.8048916,38.0078575],[23.8049217,38.0078705],[23.8049606,38.0078131]]],[[[23.8048195,38.0079603],[23.8047778,38.0080217],[23.8048078,38.0080347],[23.8048496,38.0079733],[23.8048195,38.0079603]]],[[[23.8047618,38.0080487],[23.8047037,38.0081388],[23.8047349,38.0081506],[23.8047917,38.0080606],[23.8047618,38.0080487]]]]}},{"type":"Feature","properties":{"id":"res-lochagou-dedousi-chiou-menippou-r","category":"residents","street":"Λοχαγού Δεδούση","from":"Χίου","to":"Μενίππου","side":"r","zone":"Γ","zoneSource":"polygon","lengthM":71.3,"estSpots":11,"calmTraffic":false,"excludedReason":null,"strips":4},"geometry":{"type":"MultiPolygon","coordinates":[[[[23.8058185,38.0065509],[23.8057879,38.0065385],[23.805664,38.0067373],[23.8056953,38.0067491],[23.8058185,38.0065509]]],[[[23.8056762,38.006778],[23.8056449,38.0067662],[23.8055891,38.0068578],[23.8056189,38.0068697],[23.8056762,38.006778]]],[[[23.8056022,38.0068962],[23.8055716,38.0068838],[23.805467,38.0070499],[23.8054982,38.0070617],[23.8056022,38.0068962]]],[[[23.805465,38.0071207],[23.8054339,38.00711],[23.8053644,38.0072299],[23.8053949,38.0072412],[23.805465,38.0071207]]]]}},{"type":"Feature","properties":{"id":"res-lochagou-dedousi-menippou-psaron-l","category":"residents","street":"Λοχαγού Δεδούση","from":"Μενίππου","to":"Ψαρών","side":"l","zone":"Γ","zoneSource":"p1-strips","lengthM":6.3,"estSpots":2,"calmTraffic":false,"excludedReason":null,"strips":2},"geometry":{"type":"MultiPolygon","coordinates":[[[[23.8059903,38.0065144],[23.8060054,38.0064907],[23.8059403,38.0064636],[23.8059246,38.0064879],[23.8059903,38.0065144]]],[[[23.806,38.0065613],[23.8060156,38.0065371],[23.8059316,38.006503],[23.805916,38.0065272],[23.806,38.0065613]]]]}},{"type":"Feature","properties":{"id":"res-lochagou-dedousi-menippou-psaron-r","category":"residents","street":"Λοχαγού Δεδούση","from":"Μενίππου","to":"Ψαρών","side":"r","zone":"Γ","zoneSource":"polygon","lengthM":121.3,"estSpots":19,"calmTraffic":false,"excludedReason":null,"strips":8},"geometry":{"type":"MultiPolygon","coordinates":[[[[23.8066892,38.00503],[23.8065676,38.0052253],[23.8065982,38.0052377],[23.8067198,38.0050423],[23.8066892,38.00503]]],[[[23.8065455,38.0052621],[23.8064089,38.0054811],[23.8064393,38.0054925],[23.8065762,38.0052745],[23.8065455,38.0052621]]],[[[23.8063942,38.0055031],[23.80634,38.0055918],[23.8063699,38.0056037],[23.8064255,38.0055149],[23.8063942,38.0055031]]],[[[23.8063232,38.0056221],[23.8062807,38.005688],[23.8063113,38.0057004],[23.8063531,38.0056341],[23.8063232,38.0056221]]],[[[23.8062629,38.0057168],[23.8062153,38.005794],[23.8062451,38.0058059],[23.8062934,38.0057281],[23.8062629,38.0057168]]],[[[23.8061753,38.0058585],[23.8060952,38.0059952],[23.8061257,38.0060065],[23.8062058,38.0058698],[23.8061753,38.0058585]]],[[[23.8060826,38.0060126],[23.8060244,38.0061065],[23.806055,38.0061189],[23.8061139,38.0060244],[23.8060826,38.0060126]]],[[[23.8059607,38.0062059],[23.8058989,38.0063082],[23.8059294,38.0063195],[23.8059912,38.0062172],[23.8059607,38.0062059]]]]}},{"type":"Feature","properties":{"id":"res-metonos-tsiaka-xanthippou-r","category":"residents","street":"Μέτωνος","from":"Τσιάκα","to":"Ξανθίππου","side":"r","zone":"Α","zoneSource":"p1-strips","lengthM":59.8,"estSpots":10,"calmTraffic":false,"excludedReason":null,"strips":2},"geometry":{"type":"MultiPolygon","coordinates":[[[[23.7893604,37.9992775],[23.7893866,37.9992599],[23.7890366,37.9989336],[23.789011,37.9989506],[23.7893604,37.9992775]]],[[[23.7895398,37.9994474],[23.789566,37.9994298],[23.7894741,37.9993459],[23.7894486,37.999364],[23.7895398,37.9994474]]]]}},{"type":"Feature","properties":{"id":"res-metonos-kyprou-efesou-r","category":"residents","street":"Μέτωνος","from":"Κύπρου","to":"Εφέσου","side":"r","zone":"Δ","zoneSource":"p1-strips","lengthM":119.0,"estSpots":19,"calmTraffic":true,"excludedReason":null,"strips":1},"geometry":{"type":"Polygon","coordinates":[[[23.7871492,37.9967582],[23.788079,37.997551],[23.7881045,37.9975331],[23.787174,37.9967397],[23.7871492,37.9967582]]]}},{"type":"Feature","properties":{"id":"res-metonos-xanthippou-agiou-ioanni-theologou-l","category":"residents","street":"Μέτωνος","from":"Ξανθίππου","to":"Αγίου Ιωάννη Θεολόγου","side":"l","zone":"Α","zoneSource":"p1-strips","lengthM":3.2,"estSpots":2,"calmTraffic":false,"excludedReason":null,"strips":1},"geometry":{"type":"Polygon","coordinates":[[[23.7901535,38.0002835],[23.7901756,38.0003032],[23.7902843,38.0002302],[23.790262,38.0002094],[23.7901535,38.0002835]]]}},{"type":"Feature","properties":{"id":"res-metonos-xanthippou-agiou-ioanni-theologou-r","category":"residents","street":"Μέτωνος","from":"Ξανθίππου","to":"Αγίου Ιωάννη Θεολόγου","side":"r","zone":"Α","zoneSource":"p1-strips","lengthM":52.8,"estSpots":8,"calmTraffic":false,"excludedReason":null,"strips":2},"geometry":{"type":"MultiPolygon","coordinates":[[[[23.7901135,37.9999509],[23.7901405,37.9999337],[23.7898802,37.9996899],[23.7898546,37.9997069],[23.7901135,37.9999509]]],[[[23.7902662,38.0001254],[23.7902925,38.0001088],[23.7901659,37.9999895],[23.7901396,38.0000072],[23.7902662,38.0001254]]]]}},{"type":"Feature","properties":{"id":"res-metonos-efesou-anastaseos-l","category":"residents","street":"Μέτωνος","from":"Εφέσου","to":"Αναστάσεως","side":"l","zone":"Α","zoneSource":"p1-strips","lengthM":3.5,"estSpots":3,"calmTraffic":true,"excludedReason":null,"strips":1},"geometry":{"type":"Polygon","coordinates":[[[23.7888904,37.9986765],[23.7889127,37.9986973],[23.7890706,37.9985947],[23.7890489,37.9985734],[23.7888904,37.9986765]]]}},{"type":"Feature","properties":{"id":"res-metonos-efesou-anastaseos-r","category":"residents","street":"Μέτωνος","from":"Εφέσου","to":"Αναστάσεως","side":"r","zone":"Δ","zoneSource":"p1-strips","lengthM":130.9,"estSpots":26,"calmTraffic":true,"excludedReason":null,"strips":2},"geometry":{"type":"MultiPolygon","coordinates":[[[[23.7891054,37.9985192],[23.7891316,37.9985017],[23.7881931,37.9976206],[23.7881667,37.9976381],[23.7891054,37.9985192]]],[[[23.7889832,37.998757],[23.7892588,37.9985676],[23.789236,37.9985475],[23.7889617,37.9987368],[23.7889832,37.998757]]]]}},{"type":"Feature","properties":{"id":"res-metonos-agiou-ioanni-theologou-sarantaporou-r","category":"residents","street":"Μέτωνος","from":"Αγίου Ιωάννη Θεολόγου","to":"Σαρανταπόρου","side":"r","zone":"Α","zoneSource":"p1-strips","lengthM":79.0,"estSpots":13,"calmTraffic":false,"excludedReason":null,"strips":5},"geometry":{"type":"MultiPolygon","coordinates":[[[[23.7905646,38.0003299],[23.7904423,38.0002357],[23.7904191,38.0002553],[23.7905407,38.0003489],[23.7905646,38.0003299]]],[[[23.7907555,38.0004747],[23.7905925,38.0003512],[23.7905693,38.0003707],[23.7907309,38.0004944],[23.7907555,38.0004747]]],[[[23.790893,38.0005794],[23.7907815,38.0004979],[23.7907583,38.0005174],[23.7908698,38.0005989],[23.790893,38.0005794]]],[[[23.7909217,38.0006013],[23.7908977,38.0006203],[23.791053,38.000738],[23.7910769,38.000719],[23.7909217,38.0006013]]],[[[23.7911075,38.0007401],[23.7910829,38.0007597],[23.7911747,38.0008327],[23.7911986,38.0008137],[23.7911075,38.0007401]]]]}},{"type":"Feature","properties":{"id":"res-metonos-sarantaporou-ymittou-r","category":"residents","street":"Μέτωνος","from":"Σαρανταπόρου","to":"Υμηττού","side":"r","zone":"Α","zoneSource":"p1-strips","lengthM":99.7,"estSpots":16,"calmTraffic":true,"excludedReason":null,"strips":1},"geometry":{"type":"Polygon","coordinates":[[[23.7913119,38.0009255],[23.7921333,38.0015452],[23.7921565,38.0015259],[23.7913352,38.0009061],[23.7913119,38.0009255]]]}},{"type":"Feature","properties":{"id":"res-metonos-ymittou-aetideon-r","category":"residents","street":"Μέτωνος","from":"Υμηττού","to":"Αετιδέων","side":"r","zone":"Α","zoneSource":"p1-strips","lengthM":110.2,"estSpots":17,"calmTraffic":true,"excludedReason":null,"strips":1},"geometry":{"type":"Polygon","coordinates":[[[23.7922195,38.001608],[23.793126,38.0022927],[23.79315,38.0022738],[23.7922428,38.0015886],[23.7922195,38.001608]]]}},{"type":"Feature","properties":{"id":"res-magnisias-kyprou-nikomideias-r","category":"residents","street":"Μαγνησίας","from":"Κύπρου","to":"Νικομήδειας","side":"r","zone":"Δ","zoneSource":"p1-strips","lengthM":19.6,"estSpots":3,"calmTraffic":false,"excludedReason":null,"strips":1},"geometry":{"type":"Polygon","coordinates":[[[23.7898113,37.9946544],[23.7899903,37.9947607],[23.7900109,37.9947376],[23.7898315,37.994633],[23.7898113,37.9946544]]]}},{"type":"Feature","properties":{"id":"res-menippou-sokratous-end-l","category":"residents","street":"Μενίππου","from":"Σωκράτους","to":null,"side":"l","zone":"Β","zoneSource":"p1-strips","lengthM":14.9,"estSpots":2,"calmTraffic":false,"excludedReason":null,"strips":1},"geometry":{"type":"Polygon","coordinates":[[[23.8006045,38.004645],[23.8007287,38.0046868],[23.8007415,38.0046618],[23.8006173,38.00462],[23.8006045,38.004645]]]}},{"type":"Feature","properties":{"id":"res-menippou-sokratous-end-r","category":"residents","street":"Μενίππου","from":"Σωκράτους","to":null,"side":"r","zone":"Β","zoneSource":"p1-strips","lengthM":10.2,"estSpots":2,"calmTraffic":false,"excludedReason":null,"strips":1},"geometry":{"type":"Polygon","coordinates":[[[23.8007597,38.0046965],[23.8009049,38.0047456],[23.8009176,38.0047205],[23.8007732,38.0046719],[23.8007597,38.0046965]]]}},{"type":"Feature","properties":{"id":"res-menippou-end-nik-vitali-r","category":"residents","street":"Μενίππου","from":null,"to":"Νικ. Βιτάλη","side":"r","zone":"Β","zoneSource":"p1-strips","lengthM":14.9,"estSpots":2,"calmTraffic":false,"excludedReason":null,"strips":1},"geometry":{"type":"Polygon","coordinates":[[[23.8009358,38.0047552],[23.8010917,38.0048072],[23.8011051,38.0047815],[23.8009494,38.0047306],[23.8009358,38.0047552]]]}},{"type":"Feature","properties":{"id":"res-menippou-nik-vitali-doridos-r","category":"residents","street":"Μενίππου","from":"Νικ. Βιτάλη","to":"Δωρίδος","side":"r","zone":"Β","zoneSource":"p1-strips","lengthM":44.2,"estSpots":7,"calmTraffic":false,"excludedReason":null,"strips":2},"geometry":{"type":"MultiPolygon","coordinates":[[[[23.8015554,38.004972],[23.8015689,38.0049474],[23.8013854,38.004885],[23.8013718,38.0049096],[23.8015554,38.004972]]],[[[23.8018887,38.0050863],[23.8019022,38.0050617],[23.8016245,38.0049656],[23.8016111,38.0049913],[23.8018887,38.0050863]]]]}},{"type":"Feature","properties":{"id":"res-menippou-doridos-17is-noemvriou-r","category":"residents","street":"Μενίππου","from":"Δωρίδος","to":"17ης Νοεμβρίου","side":"r","zone":"Β","zoneSource":"p1-strips","lengthM":26.5,"estSpots":4,"calmTraffic":false,"excludedReason":null,"strips":2},"geometry":{"type":"MultiPolygon","coordinates":[[[[23.8022546,38.0051841],[23.8022674,38.005159],[23.8021063,38.0051049],[23.8020928,38.0051295],[23.8022546,38.0051841]]],[[[23.8025443,38.0052818],[23.8025578,38.0052573],[23.802443,38.0052184],[23.8024302,38.0052435],[23.8025443,38.0052818]]]]}},{"type":"Feature","properties":{"id":"res-menippou-17is-noemvriou-panagi-tsaldari-l","category":"residents","street":"Μενίππου","from":"17ης Νοεμβρίου","to":"Παναγή Τσαλδάρη","side":"l","zone":"Γ","zoneSource":"p1-strips","lengthM":3.1,"estSpots":1,"calmTraffic":false,"excludedReason":null,"strips":1},"geometry":{"type":"Polygon","coordinates":[[[23.8038483,38.0058571],[23.8038794,38.0058679],[23.8039077,38.0058175],[23.8038766,38.0058067],[23.8038483,38.0058571]]]}},{"type":"Feature","properties":{"id":"res-menippou-17is-noemvriou-panagi-tsaldari-r","category":"residents","street":"Μενίππου","from":"17ης Νοεμβρίου","to":"Παναγή Τσαλδάρη","side":"r","zone":"Γ","zoneSource":"p1-strips","lengthM":72.3,"estSpots":12,"calmTraffic":false,"excludedReason":null,"strips":4},"geometry":{"type":"MultiPolygon","coordinates":[[[[23.8030256,38.005413],[23.8028611,38.0053586],[23.8028483,38.0053837],[23.8030123,38.0054387],[23.8030256,38.005413]]],[[[23.8034288,38.0055448],[23.8030934,38.005435],[23.8030799,38.0054596],[23.8034161,38.0055699],[23.8034288,38.0055448]]],[[[23.8035962,38.0056],[23.8034981,38.0055678],[23.8034854,38.0055929],[23.8035827,38.0056246],[23.8035962,38.0056]]],[[[23.8037887,38.0056622],[23.8036272,38.0056097],[23.8036144,38.0056348],[23.8037759,38.0056872],[23.8037887,38.0056622]]]]}},{"type":"Feature","properties":{"id":"res-menippou-panagi-tsaldari-aristotelous-r","category":"residents","street":"Μενίππου","from":"Παναγή Τσαλδάρη","to":"Αριστοτέλους","side":"r","zone":"Γ","zoneSource":"p1-strips","lengthM":49.4,"estSpots":8,"calmTraffic":false,"excludedReason":null,"strips":4},"geometry":{"type":"MultiPolygon","coordinates":[[[[23.8042383,38.0058201],[23.8040678,38.0057582],[23.8040536,38.0057823],[23.8042234,38.0058449],[23.8042383,38.0058201]]],[[[23.8044471,38.0059237],[23.8043223,38.0058776],[23.8043074,38.0059023],[23.8044323,38.0059484],[23.8044471,38.0059237]]],[[[23.8045981,38.0059793],[23.8044793,38.005937],[23.8044658,38.0059616],[23.8045846,38.0060039],[23.8045981,38.0059793]]],[[[23.8049667,38.0061138],[23.804871,38.0060791],[23.8048575,38.0061037],[23.8049532,38.0061384],[23.8049667,38.0061138]]]]}},{"type":"Feature","properties":{"id":"res-menippou-aristotelous-lochagou-dedousi-r","category":"residents","street":"Μενίππου","from":"Αριστοτέλους","to":"Λοχαγού Δεδούση","side":"r","zone":"Γ","zoneSource":"p1-strips","lengthM":25.9,"estSpots":4,"calmTraffic":false,"excludedReason":null,"strips":2},"geometry":{"type":"MultiPolygon","coordinates":[[[[23.8052982,38.0062902],[23.8053117,38.0062656],[23.8052284,38.0062358],[23.8052141,38.0062599],[23.8052982,38.0062902]]],[[[23.8055748,38.0063924],[23.8055897,38.0063677],[23.8054087,38.0062991],[23.8053944,38.0063232],[23.8055748,38.0063924]]]]}},{"type":"Feature","properties":{"id":"res-menippou-lochagou-dedousi-arkadiou-r","category":"residents","street":"Μενίππου","from":"Λοχαγού Δεδούση","to":"Αρκαδίου","side":"r","zone":"Γ","zoneSource":"p1-strips","lengthM":47.7,"estSpots":9,"calmTraffic":false,"excludedReason":null,"strips":3},"geometry":{"type":"Polygon","coordinates":[[[23.8060299,38.0065732],[23.8060984,38.0066006],[23.8061141,38.0065763],[23.8061133,38.0065702],[23.8061224,38.006568],[23.8061636,38.0065876],[23.8061577,38.0065936],[23.8061434,38.0065889],[23.8061283,38.0066125],[23.8062794,38.006673],[23.8062961,38.0066426],[23.806303,38.0066418],[23.8063285,38.0066522],[23.8063435,38.0066285],[23.8060812,38.0065207],[23.8060648,38.0065445],[23.8060736,38.0065488],[23.8060734,38.0065552],[23.8060662,38.0065571],[23.8060455,38.006549],[23.8060299,38.0065732]]]}},{"type":"Feature","properties":{"id":"res-miltiadou-agiou-gerasimou-psaron-r","category":"residents","street":"Μιλτιάδου","from":"Αγίου Γερασίμου","to":"Ψαρών","side":"r","zone":"Β","zoneSource":"p1-strips","lengthM":45.9,"estSpots":7,"calmTraffic":false,"excludedReason":null,"strips":1},"geometry":{"type":"Polygon","coordinates":[[[23.7994733,38.0030314],[23.7995044,38.0030421],[23.7997027,38.0026642],[23.799671,38.0026531],[23.7994733,38.0030314]]]}},{"type":"Feature","properties":{"id":"res-miltiadou-ikarias-agiou-gerasimou-r","category":"residents","street":"Μιλτιάδου","from":"Ικαρίας","to":"Αγίου Γερασίμου","side":"r","zone":"Β","zoneSource":"p1-strips","lengthM":45.3,"estSpots":7,"calmTraffic":false,"excludedReason":null,"strips":2},"geometry":{"type":"MultiPolygon","coordinates":[[[[23.7992896,38.0034536],[23.799354,38.0033314],[23.7993223,38.0033213],[23.7992579,38.0034435],[23.7992896,38.0034536]]],[[[23.7991402,38.0037406],[23.7992731,38.0034861],[23.7992414,38.003476],[23.7991086,38.0037305],[23.7991402,38.0037406]]]]}},{"type":"Feature","properties":{"id":"res-miltiadou-aspasias-elevtheriou-venizelou-r","category":"residents","street":"Μιλτιάδου","from":"Ασπασίας","to":"Ελευθερίου Βενιζέλου","side":"r","zone":"Β","zoneSource":"p1-strips","lengthM":34.4,"estSpots":6,"calmTraffic":false,"excludedReason":null,"strips":1},"geometry":{"type":"Polygon","coordinates":[[[23.79873,38.0044618],[23.7987617,38.0044719],[23.7989097,38.004185],[23.798878,38.0041749],[23.79873,38.0044618]]]}},{"type":"Feature","properties":{"id":"res-miltiadou-voutsina-aspasias-r","category":"residents","street":"Μιλτιάδου","from":"Βουτσινά","to":"Ασπασίας","side":"r","zone":"Β","zoneSource":"p1-strips","lengthM":42.6,"estSpots":7,"calmTraffic":false,"excludedReason":null,"strips":2},"geometry":{"type":"MultiPolygon","coordinates":[[[[23.7985733,38.004825],[23.798673,38.0046392],[23.7986419,38.0046285],[23.7985422,38.0048142],[23.7985733,38.004825]]],[[[23.7984626,38.0050389],[23.7985505,38.0048711],[23.7985188,38.0048609],[23.7984315,38.0050281],[23.7984626,38.0050389]]]]}},{"type":"Feature","properties":{"id":"res-miltiadou-agamemnonos-chiou-r","category":"residents","street":"Μιλτιάδου","from":"Αγαμέμνονος","to":"Χίου","side":"r","zone":"Β","zoneSource":"p1-strips","lengthM":49.6,"estSpots":8,"calmTraffic":false,"excludedReason":null,"strips":1},"geometry":{"type":"Polygon","coordinates":[[[23.7981585,38.0056085],[23.7981901,38.0056186],[23.7984067,38.0052054],[23.7983751,38.0051952],[23.7981585,38.0056085]]]}},{"type":"Feature","properties":{"id":"res-miltiadou-mesogeion-agamemnonos-r","category":"residents","street":"Μιλτιάδου","from":"Μεσογείων","to":"Αγαμέμνονος","side":"r","zone":"Β","zoneSource":"p1-strips","lengthM":5.4,"estSpots":1,"calmTraffic":false,"excludedReason":null,"strips":1},"geometry":{"type":"Polygon","coordinates":[[[23.7981217,38.0056809],[23.7981534,38.005691],[23.7981763,38.005646],[23.7981446,38.0056358],[23.7981217,38.0056809]]]}},{"type":"Feature","properties":{"id":"res-nik-vitali-mesogeion-chiou-r","category":"residents","street":"Νικ. Βιτάλη","from":"Μεσογείων","to":"Χίου","side":"r","zone":"Β","zoneSource":"polygon","lengthM":80.8,"estSpots":13,"calmTraffic":false,"excludedReason":null,"strips":2},"geometry":{"type":"MultiPolygon","coordinates":[[[[23.8006806,38.0060222],[23.8007299,38.0059275],[23.8006982,38.0059174],[23.8006496,38.0060115],[23.8006806,38.0060222]]],[[[23.8003436,38.0066616],[23.80065,38.0060848],[23.8006183,38.0060748],[23.8003118,38.0066516],[23.8003436,38.0066616]]]]}},{"type":"Feature","properties":{"id":"res-nik-vitali-chiou-menippou-r","category":"residents","street":"Νικ. Βιτάλη","from":"Χίου","to":"Μενίππου","side":"r","zone":"Β","zoneSource":"polygon","lengthM":69.7,"estSpots":11,"calmTraffic":false,"excludedReason":null,"strips":3},"geometry":{"type":"MultiPolygon","coordinates":[[[[23.8011216,38.0052113],[23.8012114,38.005033],[23.8011798,38.0050229],[23.80109,38.0052012],[23.8011216,38.0052113]]],[[[23.8010756,38.0052954],[23.801044,38.0052853],[23.8009912,38.0053885],[23.8010229,38.0053986],[23.8010756,38.0052954]]],[[[23.8009992,38.0054431],[23.8009681,38.0054324],[23.8008074,38.0057308],[23.8008385,38.0057415],[23.8009992,38.0054431]]]]}},{"type":"Feature","properties":{"id":"res-nik-vitali-menippou-psaron-r","category":"residents","street":"Νικ. Βιτάλη","from":"Μενίππου","to":"Ψαρών","side":"r","zone":"Β","zoneSource":"polygon","lengthM":135.3,"estSpots":22,"calmTraffic":false,"excludedReason":null,"strips":5},"geometry":{"type":"MultiPolygon","coordinates":[[[[23.8018562,38.0034319],[23.801824,38.0034234],[23.8017496,38.0036085],[23.8017824,38.0036163],[23.8018562,38.0034319]]],[[[23.8017935,38.0036827],[23.8017614,38.0036742],[23.8015989,38.0040678],[23.8016316,38.0040757],[23.8017935,38.0036827]]],[[[23.8016168,38.0041015],[23.8015847,38.004093],[23.8015423,38.004192],[23.8015752,38.0042009],[23.8016168,38.0041015]]],[[[23.8015341,38.0042112],[23.8014776,38.0043452],[23.8015105,38.0043541],[23.801567,38.0042202],[23.8015341,38.0042112]]],[[[23.8014687,38.0043688],[23.8013233,38.0047147],[23.8013561,38.0047236],[23.8015016,38.0043777],[23.8014687,38.0043688]]]]}},{"type":"Feature","properties":{"id":"res-nikomideias-kydonion-fokaias-l","category":"residents","street":"Νικομήδειας","from":"Κυδωνίων","to":"Φώκαιας","side":"l","zone":"Δ","zoneSource":"p1-strips","lengthM":9.2,"estSpots":4,"calmTraffic":false,"excludedReason":"Ανεπαρκές πλάτος","strips":1},"geometry":{"type":"Polygon","coordinates":[[[23.790423,37.9944916],[23.7906272,37.994676],[23.7906535,37.9946584],[23.7904485,37.9944735],[23.790423,37.9944916]]]}},{"type":"Feature","properties":{"id":"res-nikomideias-artemidos-magnisias-r","category":"residents","street":"Νικομήδειας","from":"Αρτέμιδος","to":"Μαγνησίας","side":"r","zone":"Δ","zoneSource":"p1-strips","lengthM":3.2,"estSpots":2,"calmTraffic":false,"excludedReason":"Ανεπαρκές πλάτος","strips":1},"geometry":{"type":"Polygon","coordinates":[[[23.7897406,37.9952291],[23.7898149,37.9952961],[23.7898404,37.995278],[23.789766,37.995211],[23.7897406,37.9952291]]]}},{"type":"Feature","properties":{"id":"res-xanthippou-artemidos-katsibiri-l","category":"residents","street":"Ξανθίππου","from":"Αρτέμιδος","to":"Κατσιμπίρη","side":"l","zone":"Α","zoneSource":"p1-strips","lengthM":3.1,"estSpots":1,"calmTraffic":false,"excludedReason":null,"strips":1},"geometry":{"type":"Polygon","coordinates":[[[23.7924514,37.9977568],[23.7925109,37.9978116],[23.7925372,37.997794],[23.7924782,37.9977386],[23.7924514,37.9977568]]]}},{"type":"Feature","properties":{"id":"res-xanthippou-elevtheriou-venizelou-artemidos-l","category":"residents","street":"Ξανθίππου","from":"Ελευθερίου Βενιζέλου","to":"Αρτέμιδος","side":"l","zone":"Α","zoneSource":"p1-strips","lengthM":3.1,"estSpots":3,"calmTraffic":false,"excludedReason":null,"strips":1},"geometry":{"type":"Polygon","coordinates":[[[23.7916662,37.9982761],[23.7918005,37.9984012],[23.7918268,37.9983836],[23.7916918,37.9982591],[23.7916662,37.9982761]]]}},{"type":"Feature","properties":{"id":"res-xanthippou-elevtheriou-venizelou-artemidos-r","category":"residents","street":"Ξανθίππου","from":"Ελευθερίου Βενιζέλου","to":"Αρτέμιδος","side":"r","zone":"Α","zoneSource":"p1-strips","lengthM":47.9,"estSpots":8,"calmTraffic":false,"excludedReason":null,"strips":3},"geometry":{"type":"MultiPolygon","coordinates":[[[[23.7919916,37.9979447],[23.7921885,37.997813],[23.7921662,37.9977923],[23.7919693,37.9979239],[23.7919916,37.9979447]]],[[[23.7919653,37.9979623],[23.7919431,37.9979415],[23.7918099,37.9980304],[23.7918323,37.9980522],[23.7919653,37.9979623]]],[[[23.7917627,37.9980972],[23.7917412,37.9980769],[23.7916548,37.9981337],[23.7916771,37.9981545],[23.7917627,37.9980972]]]]}},{"type":"Feature","properties":{"id":"res-xanthippou-voutsina-aspasias-r","category":"residents","street":"Ξανθίππου","from":"Βουτσινά","to":"Ασπασίας","side":"r","zone":"Α","zoneSource":"p1-strips","lengthM":18.5,"estSpots":3,"calmTraffic":false,"excludedReason":null,"strips":1},"geometry":{"type":"Polygon","coordinates":[[[23.7904947,37.9989049],[23.7905169,37.9989256],[23.7906784,37.9988195],[23.7906575,37.9987986],[23.7904947,37.9989049]]]}},{"type":"Feature","properties":{"id":"res-xanthippou-metonos-voutsina-l","category":"residents","street":"Ξανθίππου","from":"Μέτωνος","to":"Βουτσινά","side":"l","zone":"Α","zoneSource":"p1-strips","lengthM":3.2,"estSpots":2,"calmTraffic":false,"excludedReason":null,"strips":1},"geometry":{"type":"Polygon","coordinates":[[[23.7897145,37.9995715],[23.789829,37.9996821],[23.7898546,37.9996651],[23.7897409,37.9995549],[23.7897145,37.9995715]]]}},{"type":"Feature","properties":{"id":"res-xanthippou-metonos-voutsina-r","category":"residents","street":"Ξανθίππου","from":"Μέτωνος","to":"Βουτσινά","side":"r","zone":"Α","zoneSource":"p1-strips","lengthM":21.9,"estSpots":4,"calmTraffic":false,"excludedReason":null,"strips":3},"geometry":{"type":"MultiPolygon","coordinates":[[[[23.7901699,37.9991569],[23.7902218,37.9991223],[23.7901995,37.9991015],[23.7901476,37.9991362],[23.7901699,37.9991569]]],[[[23.7901393,37.9991777],[23.790117,37.9991569],[23.7900324,37.9992119],[23.7900547,37.9992327],[23.7901393,37.9991777]]],[[[23.7899979,37.9992711],[23.7899756,37.9992503],[23.7899212,37.9992863],[23.7899434,37.999307],[23.7899979,37.9992711]]]]}},{"type":"Feature","properties":{"id":"res-xanthippou-aristofanous-metonos-r","category":"residents","street":"Ξανθίππου","from":"Αριστοφάνους","to":"Μέτωνος","side":"r","zone":"Α","zoneSource":"p1-strips","lengthM":62.9,"estSpots":10,"calmTraffic":false,"excludedReason":null,"strips":2},"geometry":{"type":"MultiPolygon","coordinates":[[[[23.7892612,37.9997566],[23.789565,37.9995537],[23.7895427,37.999533],[23.7892389,37.9997358],[23.7892612,37.9997566]]],[[[23.7889545,37.9999586],[23.7891991,37.9997965],[23.7891776,37.9997762],[23.7889335,37.9999377],[23.7889545,37.9999586]]]]}},{"type":"Feature","properties":{"id":"res-xanthippou-thoukydidou-aristofanous-l","category":"residents","street":"Ξανθίππου","from":"Θουκυδίδου","to":"Αριστοφάνους","side":"l","zone":"Α","zoneSource":"p1-strips","lengthM":3.0,"estSpots":1,"calmTraffic":false,"excludedReason":null,"strips":1},"geometry":{"type":"Polygon","coordinates":[[[23.7883687,38.0004667],[23.7884133,38.0005093],[23.7884396,38.0004916],[23.788395,38.0004501],[23.7883687,38.0004667]]]}},{"type":"Feature","properties":{"id":"res-xanthippou-thoukydidou-aristofanous-r","category":"residents","street":"Ξανθίππου","from":"Θουκυδίδου","to":"Αριστοφάνους","side":"r","zone":"Α","zoneSource":"p1-strips","lengthM":22.5,"estSpots":4,"calmTraffic":false,"excludedReason":null,"strips":1},"geometry":{"type":"Polygon","coordinates":[[[23.7883545,38.0003235],[23.788376,38.0003437],[23.78857,38.0002113],[23.7885479,38.0001916],[23.7883545,38.0003235]]]}},{"type":"Feature","properties":{"id":"res-panagi-tsaldari-chiou-thivon-r","category":"residents","street":"Παναγή Τσαλδάρη","from":"Χίου","to":"Θηβών","side":"r","zone":"Γ","zoneSource":"polygon","lengthM":49.3,"estSpots":8,"calmTraffic":false,"excludedReason":null,"strips":2},"geometry":{"type":"MultiPolygon","coordinates":[[[[23.8036009,38.0063971],[23.8037676,38.0061161],[23.8037363,38.0061043],[23.8035696,38.0063853],[23.8036009,38.0063971]]],[[[23.8035059,38.0065732],[23.8035746,38.0064517],[23.8035433,38.0064399],[23.8034741,38.006562],[23.8035059,38.0065732]]]]}},{"type":"Feature","properties":{"id":"res-panagi-tsaldari-thivon-menippou-r","category":"residents","street":"Παναγή Τσαλδάρη","from":"Θηβών","to":"Μενίππου","side":"r","zone":"Γ","zoneSource":"polygon","lengthM":11.9,"estSpots":2,"calmTraffic":false,"excludedReason":null,"strips":1},"geometry":{"type":"Polygon","coordinates":[[[23.8037793,38.0060319],[23.8038105,38.0060437],[23.803869,38.005947],[23.8038378,38.0059353],[23.8037793,38.0060319]]]}},{"type":"Feature","properties":{"id":"res-panagi-tsaldari-menippou-psaron-r","category":"residents","street":"Παναγή Τσαλδάρη","from":"Μενίππου","to":"Ψαρών","side":"r","zone":"Γ","zoneSource":"polygon","lengthM":110.0,"estSpots":18,"calmTraffic":false,"excludedReason":null,"strips":9},"geometry":{"type":"MultiPolygon","coordinates":[[[[23.8047594,38.0043401],[23.8046926,38.004456],[23.8047237,38.0044667],[23.8047906,38.0043519],[23.8047594,38.0043401]]],[[[23.8046801,38.0044784],[23.8046051,38.0046075],[23.8046362,38.0046182],[23.8047106,38.0044897],[23.8046801,38.0044784]]],[[[23.8045844,38.0046442],[23.8044952,38.0047985],[23.8045264,38.0048103],[23.8046149,38.0046555],[23.8045844,38.0046442]]],[[[23.8044503,38.0048765],[23.8044188,38.0049327],[23.8044493,38.004944],[23.8044822,38.0048877],[23.8044503,38.0048765]]],[[[23.8044078,38.0049511],[23.8043766,38.0050056],[23.8044085,38.0050167],[23.8044383,38.0049624],[23.8044078,38.0049511]]],[[[23.8043473,38.0050534],[23.8043004,38.0051359],[23.8043315,38.0051466],[23.8043791,38.0050645],[23.8043473,38.0050534]]],[[[23.804248,38.0052277],[23.8041716,38.0053618],[23.8042034,38.005373],[23.8042792,38.0052394],[23.804248,38.0052277]]],[[[23.804111,38.0054679],[23.8041428,38.0054791],[23.8041875,38.0054],[23.804157,38.0053887],[23.804111,38.0054679]]],[[[23.8040371,38.0055958],[23.8040682,38.0056065],[23.8041221,38.0055109],[23.804091,38.0055002],[23.8040371,38.0055958]]]]}},{"type":"Feature","properties":{"id":"res-perikleous-mesogeion-voutsina-r","category":"residents","street":"Περικλέους","from":"Μεσογείων","to":"Βουτσινά","side":"r","zone":"Α","zoneSource":"p1-strips","lengthM":76.3,"estSpots":12,"calmTraffic":false,"excludedReason":null,"strips":3},"geometry":{"type":"MultiPolygon","coordinates":[[[[23.7943579,38.0024619],[23.7944643,38.0023728],[23.7944388,38.002354],[23.7943332,38.0024435],[23.7943579,38.0024619]]],[[[23.7942528,38.002546],[23.7942282,38.0025276],[23.7939846,38.0027293],[23.7940093,38.0027477],[23.7942528,38.002546]]],[[[23.7939418,38.0028028],[23.7939172,38.0027844],[23.7936695,38.0029913],[23.7936936,38.0030103],[23.7939418,38.0028028]]]]}},{"type":"Feature","properties":{"id":"res-perikleous-voutsina-aspasias-l","category":"residents","street":"Περικλέους","from":"Βουτσινά","to":"Ασπασίας","side":"l","zone":"Β","zoneSource":"polygon","lengthM":18.5,"estSpots":3,"calmTraffic":false,"excludedReason":null,"strips":1},"geometry":{"type":"Polygon","coordinates":[[[23.7949241,38.0020963],[23.7949489,38.0021158],[23.7950964,38.0019979],[23.7950716,38.0019785],[23.7949241,38.0020963]]]}},{"type":"Feature","properties":{"id":"res-perikleous-voutsina-aspasias-r","category":"residents","street":"Περικλέους","from":"Βουτσινά","to":"Ασπασίας","side":"r","zone":"Α","zoneSource":"p1-strips","lengthM":46.0,"estSpots":7,"calmTraffic":false,"excludedReason":null,"strips":3},"geometry":{"type":"MultiPolygon","coordinates":[[[[23.7948815,38.0020258],[23.7949958,38.00193],[23.7949711,38.0019117],[23.7948561,38.002007],[23.7948815,38.0020258]]],[[[23.7947968,38.0020945],[23.7947722,38.0020761],[23.7946453,38.0021845],[23.79467,38.0022028],[23.7947968,38.0020945]]],[[[23.7948586,38.0021877],[23.7948339,38.0021693],[23.7947163,38.0022659],[23.794741,38.0022843],[23.7948586,38.0021877]]]]}},{"type":"Feature","properties":{"id":"res-perikleous-aspasias-elevtheriou-venizelou-l","category":"residents","street":"Περικλέους","from":"Ασπασίας","to":"Ελευθερίου Βενιζέλου","side":"l","zone":"Β","zoneSource":"polygon","lengthM":42.1,"estSpots":4,"calmTraffic":false,"excludedReason":null,"strips":1},"geometry":{"type":"Polygon","coordinates":[[[23.7953093,38.0017974],[23.7953366,38.0018009],[23.795647,38.0015459],[23.7956419,38.001524],[23.7953093,38.0017974]]]}},{"type":"Feature","properties":{"id":"res-perikleous-aspasias-elevtheriou-venizelou-r","category":"residents","street":"Περικλέους","from":"Ασπασίας","to":"Ελευθερίου Βενιζέλου","side":"r","zone":"Α","zoneSource":"p1-strips","lengthM":36.3,"estSpots":4,"calmTraffic":false,"excludedReason":null,"strips":2},"geometry":{"type":"MultiPolygon","coordinates":[[[[23.7954185,38.0015739],[23.7955556,38.0014602],[23.7955283,38.0014568],[23.7954125,38.0015516],[23.7954185,38.0015739]]],[[[23.795225,38.0017329],[23.7953731,38.0016107],[23.7953459,38.0016072],[23.7952197,38.0017111],[23.795225,38.0017329]]]]}},{"type":"Feature","properties":{"id":"res-pythagora-mesogeion-chiou-r","category":"residents","street":"Πυθαγόρα","from":"Μεσογείων","to":"Χίου","side":"r","zone":"Β","zoneSource":"polygon","lengthM":68.3,"estSpots":11,"calmTraffic":false,"excludedReason":null,"strips":4},"geometry":{"type":"MultiPolygon","coordinates":[[[[23.7992183,38.0054626],[23.7991872,38.0054519],[23.7990714,38.0056537],[23.7991032,38.0056649],[23.7992183,38.0054626]]],[[[23.7990261,38.0058084],[23.798995,38.0057977],[23.7989665,38.0058508],[23.7989976,38.0058615],[23.7990261,38.0058084]]],[[[23.7989443,38.0059479],[23.7989133,38.0059372],[23.7988397,38.0060624],[23.7988715,38.0060736],[23.7989443,38.0059479]]],[[[23.7988435,38.0061213],[23.798813,38.00611],[23.7987109,38.0062883],[23.7987413,38.0062996],[23.7988435,38.0061213]]]]}},{"type":"Feature","properties":{"id":"res-pythagora-chiou-ikarias-r","category":"residents","street":"Πυθαγόρα","from":"Χίου","to":"Ικαρίας","side":"r","zone":"Β","zoneSource":"p1-strips","lengthM":151.3,"estSpots":26,"calmTraffic":false,"excludedReason":null,"strips":8},"geometry":{"type":"MultiPolygon","coordinates":[[[[23.7997375,38.0044826],[23.7998221,38.0043156],[23.7997904,38.0043055],[23.7997058,38.0044724],[23.7997375,38.0044826]]],[[[23.7993987,38.0050541],[23.7994333,38.0050658],[23.7994816,38.0049744],[23.799446,38.0049636],[23.7994432,38.0049568],[23.7994667,38.0049152],[23.7995067,38.0049259],[23.799724,38.0045121],[23.7996921,38.0045009],[23.7996834,38.0045071],[23.7996489,38.0044962],[23.7996258,38.0045401],[23.7996593,38.0045516],[23.7996622,38.0045577],[23.7996455,38.0045845],[23.7996087,38.0045732],[23.7994917,38.0047946],[23.7995255,38.0048058],[23.7995288,38.0048106],[23.7994905,38.0048846],[23.7994823,38.0048877],[23.7994493,38.0048763],[23.7994084,38.0049529],[23.7994437,38.0049644],[23.7994463,38.0049711],[23.7994286,38.0049996],[23.7993901,38.0049872],[23.7993584,38.0050471],[23.7993901,38.0050572],[23.7993987,38.0050541]]],[[[23.7994048,38.00512],[23.7993731,38.0051099],[23.7992778,38.0052876],[23.7993088,38.0052983],[23.7994048,38.00512]]]]}},{"type":"Feature","properties":{"id":"res-pythagora-ikarias-agiou-gerasimou-r","category":"residents","street":"Πυθαγόρα","from":"Ικαρίας","to":"Αγίου Γερασίμου","side":"r","zone":"Β","zoneSource":"p1-strips","lengthM":92.3,"estSpots":16,"calmTraffic":false,"excludedReason":null,"strips":5},"geometry":{"type":"MultiPolygon","coordinates":[[[[23.7999473,38.0039485],[23.7999492,38.0039535],[23.7999381,38.0039795],[23.7999703,38.003988],[23.8000302,38.0038494],[23.7999927,38.0038388],[23.799995,38.0038239],[23.8000028,38.0038203],[23.8000384,38.0038301],[23.800126,38.0036232],[23.8000939,38.0036148],[23.8000352,38.0037506],[23.8000283,38.0037522],[23.7999932,38.0037425],[23.7999108,38.003938],[23.7999473,38.0039485]]],[[[23.7998922,38.0040866],[23.7998591,38.0041655],[23.7998906,38.0041746],[23.7999609,38.0040133],[23.7999261,38.0040043],[23.7999229,38.0039972],[23.7998908,38.0039888],[23.7998546,38.0040741],[23.7998922,38.0040866]]]]}},{"type":"Feature","properties":{"id":"res-pythagora-agiou-gerasimou-psaron-r","category":"residents","street":"Πυθαγόρα","from":"Αγίου Γερασίμου","to":"Ψαρών","side":"r","zone":"Β","zoneSource":"p1-strips","lengthM":98.6,"estSpots":17,"calmTraffic":false,"excludedReason":null,"strips":4},"geometry":{"type":"MultiPolygon","coordinates":[[[[23.8002704,38.0031764],[23.800276,38.0031639],[23.8002823,38.0031616],[23.8003184,38.0031715],[23.8003979,38.0029838],[23.8003254,38.0029617],[23.8002375,38.0031675],[23.8002704,38.0031764]]],[[[23.8001403,38.0035893],[23.8002883,38.0032421],[23.8002554,38.0032332],[23.8002299,38.0032883],[23.8001908,38.0032794],[23.800148,38.00338],[23.8001832,38.0033895],[23.8001866,38.0033955],[23.8001082,38.0035809],[23.8001403,38.0035893]]]]}},{"type":"Feature","properties":{"id":"res-sarantaporou-aristofanous-metonos-r","category":"residents","street":"Σαρανταπόρου","from":"Αριστοφάνους","to":"Μέτωνος","side":"r","zone":"Α","zoneSource":"p1-strips","lengthM":37.0,"estSpots":6,"calmTraffic":false,"excludedReason":null,"strips":2},"geometry":{"type":"MultiPolygon","coordinates":[[[[23.7910773,38.0010949],[23.791239,38.0009578],[23.7912144,38.0009394],[23.7910526,38.0010765],[23.7910773,38.0010949]]],[[[23.7909243,38.0012219],[23.7910501,38.0011158],[23.7910247,38.001097],[23.7908996,38.0012036],[23.7909243,38.0012219]]]]}},{"type":"Feature","properties":{"id":"res-sarantaporou-metonos-voutsina-r","category":"residents","street":"Σαρανταπόρου","from":"Μέτωνος","to":"Βουτσινά","side":"r","zone":"Α","zoneSource":"p1-strips","lengthM":79.2,"estSpots":13,"calmTraffic":false,"excludedReason":null,"strips":3},"geometry":{"type":"MultiPolygon","coordinates":[[[[23.7913811,38.0008453],[23.7918415,38.000465],[23.7918168,38.0004467],[23.791357,38.0008263],[23.7913811,38.0008453]]],[[[23.7915764,38.0006231],[23.7915523,38.0006041],[23.791459,38.0006789],[23.7914844,38.0006978],[23.7915764,38.0006231]]],[[[23.7914388,38.0007384],[23.7914134,38.0007195],[23.7913426,38.0007793],[23.7913672,38.0007977],[23.7914388,38.0007384]]]]}},{"type":"Feature","properties":{"id":"res-sarantaporou-voutsina-aspasias-r","category":"residents","street":"Σαρανταπόρου","from":"Βουτσινά","to":"Ασπασίας","side":"r","zone":"Α","zoneSource":"p1-strips","lengthM":89.9,"estSpots":14,"calmTraffic":false,"excludedReason":null,"strips":5},"geometry":{"type":"MultiPolygon","coordinates":[[[[23.792434,37.9999232],[23.7924099,37.9999043],[23.7922099,38.0000661],[23.7922347,38.0000855],[23.792434,37.9999232]]],[[[23.7924723,37.9999501],[23.7924476,37.9999318],[23.7922878,38.0000633],[23.7923118,38.0000822],[23.7924723,37.9999501]]],[[[23.7922869,38.0001046],[23.7922629,38.0000857],[23.7921553,38.0001711],[23.7921794,38.00019],[23.7922869,38.0001046]]],[[[23.792185,38.0000885],[23.7920151,38.0002263],[23.7920392,38.0002453],[23.7922091,38.0001074],[23.792185,38.0000885]]],[[[23.7921283,38.0001931],[23.7920545,38.0002558],[23.7920791,38.0002742],[23.7921537,38.0002119],[23.7921283,38.0001931]]]]}},{"type":"Feature","properties":{"id":"res-sarantaporou-aspasias-elevtheriou-venizelou-r","category":"residents","street":"Σαρανταπόρου","from":"Ασπασίας","to":"Ελευθερίου Βενιζέλου","side":"r","zone":"Α","zoneSource":"p1-strips","lengthM":75.8,"estSpots":13,"calmTraffic":false,"excludedReason":null,"strips":3},"geometry":{"type":"MultiPolygon","coordinates":[[[[23.7926326,37.9998169],[23.7928739,37.9996138],[23.7928436,37.9995939],[23.7928421,37.9995881],[23.7929816,37.999473],[23.7929562,37.9994542],[23.7927019,37.9996628],[23.7927267,37.9996822],[23.7927536,37.9996605],[23.7927606,37.9996607],[23.7927638,37.9996656],[23.7926079,37.9997986],[23.7926326,37.9998169]]],[[[23.7925772,37.9998046],[23.7926771,37.9997232],[23.7926523,37.9997038],[23.7925532,37.9997857],[23.7925772,37.9998046]]]]}},{"type":"Feature","properties":{"id":"res-sarantaporou-elevtheriou-venizelou-artemidos-r","category":"residents","street":"Σαρανταπόρου","from":"Ελευθερίου Βενιζέλου","to":"Αρτέμιδος","side":"r","zone":"Α","zoneSource":"p1-strips","lengthM":82.9,"estSpots":13,"calmTraffic":false,"excludedReason":null,"strips":5},"geometry":{"type":"MultiPolygon","coordinates":[[[[23.7936792,37.9989552],[23.7936545,37.9989369],[23.7934328,37.9991191],[23.7934575,37.9991375],[23.7936792,37.9989552]]],[[[23.7935203,37.999028],[23.7934949,37.9990091],[23.7933884,37.9990971],[23.7934125,37.9991161],[23.7935203,37.999028]]],[[[23.7934342,37.999157],[23.7934096,37.9991387],[23.7933049,37.9992249],[23.7933289,37.9992438],[23.7934342,37.999157]]],[[[23.7933091,37.9991653],[23.7932263,37.9992321],[23.7932517,37.999251],[23.7933338,37.9991837],[23.7933091,37.9991653]]],[[[23.7932656,37.9992568],[23.7931285,37.9993704],[23.7931532,37.9993888],[23.793291,37.9992756],[23.7932656,37.9992568]]]]}},{"type":"Feature","properties":{"id":"res-smyrnis-efesou-korytsas-l","category":"residents","street":"Σμύρνης","from":"Εφέσου","to":"Κορυτσάς","side":"l","zone":"Δ","zoneSource":"p1-strips","lengthM":3.1,"estSpots":1,"calmTraffic":false,"excludedReason":null,"strips":1},"geometry":{"type":"Polygon","coordinates":[[[23.7923656,37.9954157],[23.7923878,37.9954364],[23.7924397,37.9954018],[23.7924174,37.995381],[23.7923656,37.9954157]]]}},{"type":"Feature","properties":{"id":"res-smyrnis-efesou-korytsas-r","category":"residents","street":"Σμύρνης","from":"Εφέσου","to":"Κορυτσάς","side":"r","zone":"Δ","zoneSource":"p1-strips","lengthM":19.6,"estSpots":3,"calmTraffic":false,"excludedReason":null,"strips":1},"geometry":{"type":"Polygon","coordinates":[[[23.7923644,37.9951132],[23.7925001,37.9952517],[23.7925272,37.9952357],[23.7923915,37.9950971],[23.7923644,37.9951132]]]}},{"type":"Feature","properties":{"id":"res-smyrnis-nikomideias-efesou-r","category":"residents","street":"Σμύρνης","from":"Νικομήδειας","to":"Εφέσου","side":"r","zone":"Δ","zoneSource":"p1-strips","lengthM":129.0,"estSpots":20,"calmTraffic":false,"excludedReason":null,"strips":8},"geometry":{"type":"MultiPolygon","coordinates":[[[[23.7914048,37.9939689],[23.7913007,37.9938823],[23.791276,37.9939009],[23.79138,37.9939874],[23.7914048,37.9939689]]],[[[23.7916691,37.994226],[23.7915715,37.9941084],[23.791454,37.9940095],[23.7914314,37.9939914],[23.7914067,37.99401],[23.7915443,37.9941245],[23.7916404,37.9942411],[23.7916691,37.994226]]],[[[23.7916906,37.9942511],[23.791662,37.9942663],[23.7917521,37.9943753],[23.7917808,37.9943602],[23.7916906,37.9942511]]],[[[23.7919874,37.9946823],[23.7920169,37.9946687],[23.7918651,37.9944617],[23.7918233,37.9944112],[23.7917946,37.9944263],[23.7918363,37.9944759],[23.7919874,37.9946823]]],[[[23.7920359,37.9946953],[23.7920064,37.9947088],[23.7921016,37.9948386],[23.7921312,37.994825],[23.7920359,37.9946953]]],[[[23.7922637,37.9949655],[23.7922367,37.9949826],[23.7923409,37.9950887],[23.792368,37.9950727],[23.7922637,37.9949655]]]]}},{"type":"Feature","properties":{"id":"res-smyrnis-nikomideias-nikomideias-r","category":"residents","street":"Σμύρνης","from":"Νικομήδειας","to":"Νικομήδειας","side":"r","zone":"Δ","zoneSource":"p1-strips","lengthM":10.3,"estSpots":2,"calmTraffic":false,"excludedReason":null,"strips":1},"geometry":{"type":"Polygon","coordinates":[[[23.7911587,37.993803],[23.7912501,37.9938788],[23.7912748,37.9938602],[23.7911834,37.9937844],[23.7911587,37.993803]]]}},{"type":"Feature","properties":{"id":"res-smyrnis-kyprou-nikomideias-r","category":"residents","street":"Σμύρνης","from":"Κύπρου","to":"Νικομήδειας","side":"r","zone":"Δ","zoneSource":"p1-strips","lengthM":53.4,"estSpots":8,"calmTraffic":false,"excludedReason":null,"strips":4},"geometry":{"type":"MultiPolygon","coordinates":[[[[23.7908462,37.993615],[23.7908674,37.9935913],[23.7906076,37.9934392],[23.7905869,37.9934623],[23.7908462,37.993615]]],[[[23.7910203,37.9937163],[23.7910417,37.9936937],[23.7908937,37.9936068],[23.7908717,37.99363],[23.7910203,37.9937163]]]]}},{"type":"Feature","properties":{"id":"res-sokratous-ikarias-psaron-r","category":"residents","street":"Σωκράτους","from":"Ικαρίας","to":"Ψαρών","side":"r","zone":"Β","zoneSource":"polygon","lengthM":103.9,"estSpots":17,"calmTraffic":false,"excludedReason":null,"strips":7},"geometry":{"type":"MultiPolygon","coordinates":[[[[23.8012641,38.0031643],[23.8012324,38.0031541],[23.8010919,38.0034311],[23.8011236,38.0034412],[23.8012641,38.0031643]]],[[[23.8010741,38.0034637],[23.8010219,38.0035663],[23.8010536,38.0035764],[23.8011057,38.0034738],[23.8010741,38.0034637]]],[[[23.8009996,38.0036107],[23.8009632,38.0036852],[23.8009948,38.0036953],[23.8010312,38.0036208],[23.8009996,38.0036107]]],[[[23.8009475,38.0037144],[23.8008866,38.0038368],[23.8009183,38.0038469],[23.8009792,38.0037245],[23.8009475,38.0037144]]],[[[23.8008703,38.0038665],[23.8008194,38.0039679],[23.800851,38.003978],[23.800902,38.0038767],[23.8008703,38.0038665]]],[[[23.8007927,38.0040204],[23.8007581,38.0040931],[23.8007898,38.0041032],[23.800825,38.0040299],[23.8007927,38.0040204]]],[[[23.8007169,38.0041724],[23.8006586,38.0042897],[23.8006903,38.0042998],[23.8007486,38.0041825],[23.8007169,38.0041724]]]]}},{"type":"Feature","properties":{"id":"res-sokratous-chiou-menippou-r","category":"residents","street":"Σωκράτους","from":"Χίου","to":"Μενίππου","side":"r","zone":"Β","zoneSource":"p1-strips","lengthM":92.4,"estSpots":15,"calmTraffic":false,"excludedReason":null,"strips":6},"geometry":{"type":"MultiPolygon","coordinates":[[[[23.8005214,38.0045707],[23.8004897,38.0045605],[23.8003751,38.0047846],[23.8004068,38.0047947],[23.8005214,38.0045707]]],[[[23.8003619,38.0048113],[23.800285,38.0049607],[23.8003166,38.0049709],[23.8003935,38.0048215],[23.8003619,38.0048113]]],[[[23.8002717,38.0049875],[23.8002433,38.0050417],[23.800275,38.0050518],[23.8003028,38.0049982],[23.8002717,38.0049875]]],[[[23.8002612,38.0050792],[23.8002295,38.0050691],[23.8001792,38.0051661],[23.8002109,38.0051762],[23.8002612,38.0050792]]],[[[23.8001654,38.0051934],[23.8001123,38.0052944],[23.800144,38.0053046],[23.8001971,38.0052035],[23.8001654,38.0051934]]],[[[23.8000743,38.005368],[23.8000025,38.0055099],[23.8000342,38.00552],[23.800106,38.0053781],[23.8000743,38.005368]]]]}},{"type":"Feature","properties":{"id":"res-sokratous-mesogeion-chiou-r","category":"residents","street":"Σωκράτους","from":"Μεσογείων","to":"Χίου","side":"r","zone":"Β","zoneSource":"p1-strips","lengthM":69.6,"estSpots":11,"calmTraffic":false,"excludedReason":null,"strips":4},"geometry":{"type":"MultiPolygon","coordinates":[[[[23.7999506,38.0056983],[23.7999195,38.0056876],[23.7998714,38.0057811],[23.7999031,38.0057912],[23.7999506,38.0056983]]],[[[23.7998891,38.0058175],[23.7998568,38.005808],[23.7997874,38.0059475],[23.7998191,38.0059576],[23.7998891,38.0058175]]],[[[23.7998045,38.0059845],[23.7997722,38.0059749],[23.7996607,38.006202],[23.7996924,38.0062121],[23.7998045,38.0059845]]],[[[23.7996792,38.0062388],[23.7996475,38.0062287],[23.7995864,38.00635],[23.7996187,38.0063596],[23.7996792,38.0062388]]]]}},{"type":"Feature","properties":{"id":"res-tsiaka-kyprou-efesou-r","category":"residents","street":"Τσιάκα","from":"Κύπρου","to":"Εφέσου","side":"r","zone":"Δ","zoneSource":"p1-strips","lengthM":116.2,"estSpots":19,"calmTraffic":true,"excludedReason":null,"strips":1},"geometry":{"type":"Polygon","coordinates":[[[23.786888,37.9969664],[23.7877693,37.997756],[23.7877948,37.9977381],[23.7869136,37.9969484],[23.786888,37.9969664]]]}},{"type":"Feature","properties":{"id":"res-tsiaka-efesou-anastaseos-l","category":"residents","street":"Τσιάκα","from":"Εφέσου","to":"Αναστάσεως","side":"l","zone":"Α-Δ","zoneSource":"p1-strips","lengthM":3.2,"estSpots":2,"calmTraffic":true,"excludedReason":null,"strips":1},"geometry":{"type":"Polygon","coordinates":[[[23.7886205,37.9988578],[23.7886427,37.9988785],[23.7887658,37.9987961],[23.7887436,37.9987753],[23.7886205,37.9988578]]]}},{"type":"Feature","properties":{"id":"res-tsiaka-efesou-anastaseos-r","category":"residents","street":"Τσιάκα","from":"Εφέσου","to":"Αναστάσεως","side":"r","zone":"Δ","zoneSource":"p1-strips","lengthM":127.0,"estSpots":20,"calmTraffic":true,"excludedReason":null,"strips":1},"geometry":{"type":"Polygon","coordinates":[[[23.7878659,37.9978477],[23.7887926,37.9987261],[23.7888195,37.9987092],[23.7878917,37.9978308],[23.7878659,37.9978477]]]}},{"type":"Feature","properties":{"id":"res-tsigante-kyprou-efesou-r","category":"residents","street":"Τσιγάντε","from":"Κύπρου","to":"Εφέσου","side":"r","zone":"Δ","zoneSource":"p1-strips","lengthM":90.0,"estSpots":15,"calmTraffic":false,"excludedReason":null,"strips":2},"geometry":{"type":"MultiPolygon","coordinates":[[[[23.7873075,37.9977947],[23.7873338,37.9977772],[23.7868183,37.9973043],[23.7867927,37.9973223],[23.7873075,37.9977947]]],[[[23.7875107,37.9979814],[23.7875362,37.9979634],[23.7873772,37.9978199],[23.7873523,37.9978374],[23.7875107,37.9979814]]]]}},{"type":"Feature","properties":{"id":"res-tsigante-efesou-anastaseos-r","category":"residents","street":"Τσιγάντε","from":"Εφέσου","to":"Αναστάσεως","side":"r","zone":"Δ","zoneSource":"p1-strips","lengthM":115.3,"estSpots":18,"calmTraffic":false,"excludedReason":null,"strips":4},"geometry":{"type":"MultiPolygon","coordinates":[[[[23.7882888,37.9986569],[23.7876013,37.9980178],[23.7875763,37.9980352],[23.7882625,37.9986744],[23.7882888,37.9986569]]],[[[23.7883845,37.9987469],[23.7883104,37.998682],[23.788285,37.9987001],[23.788359,37.998765],[23.7883845,37.9987469]]],[[[23.7884244,37.9987894],[23.7884013,37.9987682],[23.7883759,37.9987863],[23.7883989,37.9988075],[23.7884244,37.9987894]]],[[[23.7885402,37.9988912],[23.788471,37.9988313],[23.7884463,37.9988499],[23.7885148,37.9989093],[23.7885402,37.9988912]]]]}},{"type":"Feature","properties":{"id":"res-ymittou-metonos-voutsina-r","category":"residents","street":"Υμηττού","from":"Μέτωνος","to":"Βουτσινά","side":"r","zone":"Α","zoneSource":"p1-strips","lengthM":49.8,"estSpots":8,"calmTraffic":false,"excludedReason":null,"strips":1},"geometry":{"type":"Polygon","coordinates":[[[23.792228,38.001479],[23.7922527,38.0014974],[23.7926451,38.0011738],[23.7926211,38.0011549],[23.792228,38.001479]]]}},{"type":"Feature","properties":{"id":"res-ymittou-elevtheriou-venizelou-artemidos-r","category":"residents","street":"Υμηττού","from":"Ελευθερίου Βενιζέλου","to":"Αρτέμιδος","side":"r","zone":"Α","zoneSource":"p1-strips","lengthM":61.8,"estSpots":10,"calmTraffic":false,"excludedReason":null,"strips":3},"geometry":{"type":"MultiPolygon","coordinates":[[[[23.7943792,37.9997665],[23.7945787,37.9996015],[23.7945541,37.9995831],[23.7943546,37.9997481],[23.7943792,37.9997665]]],[[[23.7943602,37.9997819],[23.7943355,37.9997635],[23.7941679,37.9999028],[23.7941919,37.9999217],[23.7943602,37.9997819]]],[[[23.794154,37.9999535],[23.79413,37.9999345],[23.7940118,38.0000318],[23.7940364,38.0000501],[23.794154,37.9999535]]]]}},{"type":"Feature","properties":{"id":"res-ymittou-aspasias-elevtheriou-venizelou-r","category":"residents","street":"Υμηττού","from":"Ασπασίας","to":"Ελευθερίου Βενιζέλου","side":"r","zone":"Α","zoneSource":"p1-strips","lengthM":37.5,"estSpots":5,"calmTraffic":false,"excludedReason":null,"strips":9},"geometry":{"type":"Polygon","coordinates":[[[23.7932334,38.0004347],[23.7932518,38.0004521],[23.7932674,38.0004436],[23.7932849,38.0004582],[23.7933009,38.0004508],[23.7933178,38.0004672],[23.7933358,38.0004625],[23.7933477,38.0004791],[23.7933675,38.0004744],[23.7933791,38.000492],[23.793398,38.0004893],[23.7934068,38.0005073],[23.7934263,38.0005048],[23.7934363,38.0005258],[23.7934888,38.0005139],[23.7934816,38.0004929],[23.7934619,38.0004925],[23.7934512,38.0004729],[23.7934316,38.0004736],[23.7934197,38.0004551],[23.7933995,38.0004575],[23.7933851,38.0004393],[23.7933654,38.000443],[23.7933495,38.0004257],[23.7933313,38.0004307],[23.7933122,38.000415],[23.7932973,38.0004195],[23.7932765,38.0004053],[23.7932334,38.0004347]]]}},{"type":"Feature","properties":{"id":"res-faneromenis-voutsina-end-l","category":"residents","street":"Φανερωμένης","from":"Βουτσινά","to":null,"side":"l","zone":"Β","zoneSource":"p1-strips","lengthM":2.4,"estSpots":1,"calmTraffic":false,"excludedReason":null,"strips":1},"geometry":{"type":"Polygon","coordinates":[[[23.7964424,38.004191],[23.7964682,38.0042082],[23.7965179,38.0041634],[23.7964919,38.0041452],[23.7964424,38.004191]]]}},{"type":"Feature","properties":{"id":"res-faneromenis-end-elevtheriou-venizelou-l","category":"residents","street":"Φανερωμένης","from":null,"to":"Ελευθερίου Βενιζέλου","side":"l","zone":"Β","zoneSource":"p1-strips","lengthM":7.6,"estSpots":2,"calmTraffic":false,"excludedReason":null,"strips":1},"geometry":{"type":"Polygon","coordinates":[[[23.7975302,38.0034504],[23.7975306,38.0034672],[23.7975316,38.0036187],[23.7975568,38.0036082],[23.7975566,38.0034671],[23.7975302,38.0034504]]]}},{"type":"Feature","properties":{"id":"res-faneromenis-voutsina-aspasias-l","category":"residents","street":"Φανερωμένης","from":"Βουτσινά","to":"Ασπασίας","side":"l","zone":"Β","zoneSource":"polygon","lengthM":39.3,"estSpots":6,"calmTraffic":false,"excludedReason":null,"strips":8},"geometry":{"type":"MultiPolygon","coordinates":[[[[23.7975589,38.0039356],[23.7975766,38.0039204],[23.7975668,38.0039098],[23.7975813,38.0038961],[23.7975691,38.0038841],[23.7975836,38.0038703],[23.7975687,38.0038578],[23.7975836,38.0038421],[23.7975692,38.0038304],[23.797583,38.0038144],[23.7975682,38.0038012],[23.797583,38.0037862],[23.7975291,38.0037466],[23.7975274,38.0038562],[23.7975156,38.0039026],[23.7975589,38.0039356]]],[[[23.7972537,38.0042456],[23.7972625,38.0042473],[23.7972645,38.0042534],[23.7973139,38.0042911],[23.7973141,38.004227],[23.7972919,38.0042255],[23.7972902,38.0042091],[23.7972647,38.0042088],[23.7972634,38.0042324],[23.7972404,38.0042344],[23.7972537,38.0042456]]]]}},{"type":"Feature","properties":{"id":"res-faneromenis-voutsina-aspasias-r","category":"residents","street":"Φανερωμένης","from":"Βουτσινά","to":"Ασπασίας","side":"r","zone":"Β","zoneSource":"polygon","lengthM":60.1,"estSpots":6,"calmTraffic":false,"excludedReason":null,"strips":9},"geometry":{"type":"MultiPolygon","coordinates":[[[[23.797353,38.0040996],[23.7974666,38.0040131],[23.7974897,38.0039876],[23.7975029,38.0039657],[23.797492,38.0039472],[23.7974772,38.0039681],[23.7974411,38.0040054],[23.7973271,38.0040911],[23.797353,38.0040996]]],[[[23.7972404,38.0042344],[23.7972644,38.0042349],[23.7972646,38.0041892],[23.7972435,38.0041884],[23.797241,38.0041757],[23.7972467,38.0041724],[23.7973143,38.0041727],[23.7973139,38.0041276],[23.7972514,38.0041274],[23.7972409,38.0041306],[23.7972408,38.0041654],[23.7972354,38.0041702],[23.7972174,38.0041684],[23.7972157,38.0041508],[23.7971916,38.0041503],[23.7971915,38.0041959],[23.7972404,38.0042344]]]]}},{"type":"Feature","properties":{"id":"res-faneromenis-voutsina-aspasias-r-2","category":"residents","street":"Φανερωμένης","from":"Βουτσινά","to":"Ασπασίας","side":"r","zone":"Β","zoneSource":"p1-strips","lengthM":24.1,"estSpots":4,"calmTraffic":false,"excludedReason":null,"strips":7},"geometry":{"type":"MultiPolygon","coordinates":[[[[23.7965509,38.0036166],[23.7965598,38.0036002],[23.7965846,38.0035731],[23.7966938,38.0034823],[23.7966643,38.0034774],[23.7965518,38.0035714],[23.7965281,38.0036061],[23.7965509,38.0036166]]],[[[23.7964751,38.0037268],[23.7965244,38.0037635],[23.796536,38.003763],[23.7965314,38.0037086],[23.796504,38.0037069],[23.7964996,38.0036838],[23.7964718,38.0036858],[23.7964751,38.0037268]]]]}},{"type":"Feature","properties":{"id":"res-faneromenis-end-voutsina-r","category":"residents","street":"Φανερωμένης","from":null,"to":"Βουτσινά","side":"r","zone":"Β","zoneSource":"p1-strips","lengthM":83.9,"estSpots":3,"calmTraffic":false,"excludedReason":null,"strips":3},"geometry":{"type":"Polygon","coordinates":[[[23.7966828,38.0041548],[23.796705,38.0041744],[23.79699,38.0041721],[23.7970111,38.0041512],[23.7966828,38.0041548]]]}},{"type":"Feature","properties":{"id":"res-faneromenis-aspasias-end-r","category":"residents","street":"Φανερωμένης","from":"Ασπασίας","to":null,"side":"r","zone":"Β","zoneSource":"p1-strips","lengthM":18.7,"estSpots":2,"calmTraffic":false,"excludedReason":null,"strips":1},"geometry":{"type":"Polygon","coordinates":[[[23.7971772,38.0033362],[23.7971616,38.0033567],[23.7973759,38.0033587],[23.7973633,38.0033381],[23.7971772,38.0033362]]]}},{"type":"Feature","properties":{"id":"res-faneromenis-agamemnonos-end-l","category":"residents","street":"Φανερωμένης","from":"Αγαμέμνονος","to":null,"side":"l","zone":"Β","zoneSource":"p1-strips","lengthM":9.8,"estSpots":4,"calmTraffic":false,"excludedReason":null,"strips":1},"geometry":{"type":"Polygon","coordinates":[[[23.7962415,38.0046131],[23.7964714,38.0047017],[23.7964865,38.004678],[23.7962571,38.0045889],[23.7962415,38.0046131]]]}},{"type":"Feature","properties":{"id":"res-faneromenis-agamemnonos-end-r","category":"residents","street":"Φανερωμένης","from":"Αγαμέμνονος","to":null,"side":"r","zone":"Β","zoneSource":"p1-strips","lengthM":69.6,"estSpots":11,"calmTraffic":false,"excludedReason":null,"strips":3},"geometry":{"type":"MultiPolygon","coordinates":[[[[23.7965508,38.0042745],[23.7966068,38.0042307],[23.7965827,38.0042118],[23.7965267,38.0042555],[23.7965508,38.0042745]]],[[[23.7963997,38.0042607],[23.7963757,38.0042417],[23.7961283,38.0044459],[23.7961537,38.0044647],[23.7963997,38.0042607]]],[[[23.7965217,38.004301],[23.796497,38.0042827],[23.7962501,38.0044852],[23.7962748,38.0045036],[23.7965217,38.004301]]]]}},{"type":"Feature","properties":{"id":"res-chiou-lochagou-dedousi-arkadiou-r","category":"residents","street":"Χίου","from":"Λοχαγού Δεδούση","to":"Αρκαδίου","side":"r","zone":"Γ","zoneSource":"p1-strips","lengthM":58.4,"estSpots":10,"calmTraffic":false,"excludedReason":null,"strips":5},"geometry":{"type":"MultiPolygon","coordinates":[[[[23.8056154,38.0074105],[23.8055361,38.0073755],[23.8055197,38.0073992],[23.805599,38.0074343],[23.8056154,38.0074105]]],[[[23.8056639,38.0074789],[23.8055308,38.0074189],[23.8055137,38.0074422],[23.8056468,38.0075022],[23.8056639,38.0074789]]],[[[23.8057302,38.0075031],[23.8057242,38.0075059],[23.8057071,38.0075292],[23.8058503,38.0075975],[23.8058675,38.0075742],[23.8057604,38.007522],[23.8057608,38.0075169],[23.8057674,38.0075144],[23.8057851,38.0074905],[23.8056436,38.0074242],[23.8056258,38.0074481],[23.8057296,38.0074972],[23.8057302,38.0075031]]],[[[23.8058854,38.0075378],[23.8058146,38.0075041],[23.8057967,38.0075269],[23.8058683,38.0075611],[23.8058854,38.0075378]]]]}},{"type":"Feature","properties":{"id":"res-chiou-aristotelous-lochagou-dedousi-r","category":"residents","street":"Χίου","from":"Αριστοτέλους","to":"Λοχαγού Δεδούση","side":"r","zone":"Γ","zoneSource":"p1-strips","lengthM":55.8,"estSpots":10,"calmTraffic":false,"excludedReason":null,"strips":4},"geometry":{"type":"MultiPolygon","coordinates":[[[[23.8049537,38.0071966],[23.8049698,38.0071676],[23.8049764,38.0071661],[23.8050007,38.0071754],[23.8050156,38.0071507],[23.8048927,38.0071039],[23.8048753,38.0071336],[23.8048688,38.0071344],[23.8048355,38.0071216],[23.8048207,38.0071464],[23.8049537,38.0071966]]],[[[23.805132,38.0072654],[23.8051517,38.0072356],[23.8052301,38.0072646],[23.8052444,38.0072404],[23.8050462,38.0071631],[23.8050312,38.0071867],[23.8050351,38.0071941],[23.805017,38.0072206],[23.805132,38.0072654]]]]}},{"type":"Feature","properties":{"id":"res-chiou-panagi-tsaldari-aristotelous-r","category":"residents","street":"Χίου","from":"Παναγή Τσαλδάρη","to":"Αριστοτέλους","side":"r","zone":"Γ","zoneSource":"p1-strips","lengthM":54.9,"estSpots":9,"calmTraffic":false,"excludedReason":null,"strips":5},"geometry":{"type":"MultiPolygon","coordinates":[[[[23.8038533,38.0067362],[23.8037723,38.0067127],[23.8037603,38.0067383],[23.803842,38.0067622],[23.8038533,38.0067362]]],[[[23.8039885,38.0067781],[23.8038871,38.0067467],[23.8038743,38.0067718],[23.8039764,38.0068026],[23.8039885,38.0067781]]],[[[23.8041383,38.00683],[23.8040218,38.0067892],[23.8040076,38.0068143],[23.8041248,38.0068546],[23.8041383,38.00683]]],[[[23.8041744,38.0068419],[23.8041595,38.0068666],[23.8043402,38.0069331],[23.8043545,38.006909],[23.8041744,38.0068419]]],[[[23.8043887,38.0069216],[23.8043738,38.0069463],[23.8044616,38.006979],[23.8044759,38.0069548],[23.8043887,38.0069216]]]]}},{"type":"Feature","properties":{"id":"res-chiou-17is-noemvriou-panagi-tsaldari-r","category":"residents","street":"Χίου","from":"17ης Νοεμβρίου","to":"Παναγή Τσαλδάρη","side":"r","zone":"Γ","zoneSource":"p1-strips","lengthM":59.1,"estSpots":9,"calmTraffic":false,"excludedReason":null,"strips":4},"geometry":{"type":"MultiPolygon","coordinates":[[[[23.8026513,38.0063737],[23.8024095,38.0062982],[23.8023975,38.0063237],[23.8026393,38.0063993],[23.8026513,38.0063737]]],[[[23.8028166,38.0064237],[23.8027131,38.0063919],[23.8027009,38.0064164],[23.8028038,38.0064488],[23.8028166,38.0064237]]],[[[23.8030425,38.0064942],[23.8029577,38.0064683],[23.8029457,38.0064938],[23.8030298,38.0065192],[23.8030425,38.0064942]]],[[[23.8033308,38.0065822],[23.8031346,38.0065226],[23.8031218,38.0065477],[23.803318,38.0066073],[23.8033308,38.0065822]]]]}},{"type":"Feature","properties":{"id":"res-chiou-doridos-17is-noemvriou-r","category":"residents","street":"Χίου","from":"Δωρίδος","to":"17ης Νοεμβρίου","side":"r","zone":"Β","zoneSource":"p1-strips","lengthM":16.2,"estSpots":3,"calmTraffic":false,"excludedReason":null,"strips":1},"geometry":{"type":"Polygon","coordinates":[[[23.8019768,38.0062218],[23.8021479,38.0062745],[23.8021599,38.0062489],[23.8019888,38.0061962],[23.8019768,38.0062218]]]}},{"type":"Feature","properties":{"id":"res-chiou-nik-vitali-doridos-r","category":"residents","street":"Χίου","from":"Νικ. Βιτάλη","to":"Δωρίδος","side":"r","zone":"Β","zoneSource":"p1-strips","lengthM":58.7,"estSpots":9,"calmTraffic":false,"excludedReason":null,"strips":1},"geometry":{"type":"Polygon","coordinates":[[[23.8008398,38.0058718],[23.8014633,38.0060637],[23.8014753,38.0060383],[23.8008526,38.0058467],[23.8008398,38.0058718]]]}},{"type":"Feature","properties":{"id":"res-chiou-sokratous-nik-vitali-r","category":"residents","street":"Χίου","from":"Σωκράτους","to":"Νικ. Βιτάλη","side":"r","zone":"Β","zoneSource":"p1-strips","lengthM":29.9,"estSpots":5,"calmTraffic":false,"excludedReason":null,"strips":3},"geometry":{"type":"MultiPolygon","coordinates":[[[[23.8003346,38.0057325],[23.8003466,38.0057069],[23.8002289,38.0056721],[23.8002167,38.0056966],[23.8003346,38.0057325]]],[[[23.8005194,38.0057568],[23.8003907,38.0057219],[23.8003794,38.0057479],[23.8005081,38.0057828],[23.8005194,38.0057568]]],[[[23.8006377,38.005791],[23.8005654,38.005771],[23.800554,38.0057959],[23.8006257,38.0058165],[23.8006377,38.005791]]]]}},{"type":"Feature","properties":{"id":"res-chiou-pythagora-sokratous-r","category":"residents","street":"Χίου","from":"Πυθαγόρα","to":"Σωκράτους","side":"r","zone":"Β","zoneSource":"p1-strips","lengthM":40.4,"estSpots":6,"calmTraffic":false,"excludedReason":null,"strips":2},"geometry":{"type":"MultiPolygon","coordinates":[[[[23.7995894,38.0054789],[23.7996022,38.0054539],[23.7994394,38.0054015],[23.7994266,38.0054266],[23.7995894,38.0054789]]],[[[23.7998887,38.005572],[23.7999015,38.0055469],[23.7996374,38.0054642],[23.7996246,38.0054893],[23.7998887,38.005572]]]]}},{"type":"Feature","properties":{"id":"res-chiou-voutsina-pythagora-r","category":"residents","street":"Χίου","from":"Βουτσινά","to":"Πυθαγόρα","side":"r","zone":"Β","zoneSource":"p1-strips","lengthM":34.4,"estSpots":5,"calmTraffic":false,"excludedReason":null,"strips":3},"geometry":{"type":"MultiPolygon","coordinates":[[[[23.7986922,38.0051905],[23.798705,38.0051654],[23.7985472,38.0051142],[23.7985344,38.0051393],[23.7986922,38.0051905]]],[[[23.7988902,38.005225],[23.7988003,38.0051968],[23.7987875,38.0052219],[23.7988774,38.00525],[23.7988902,38.005225]]],[[[23.7991239,38.0053061],[23.7990145,38.0052668],[23.7990009,38.0052914],[23.7991104,38.0053307],[23.7991239,38.0053061]]]]}},{"type":"Feature","properties":{"id":"res-psaron-lochagou-dedousi-arkadiou-l","category":"residents","street":"Ψαρών","from":"Λοχαγού Δεδούση","to":"Αρκαδίου","side":"l","zone":"Γ","zoneSource":"p1-strips","lengthM":3.7,"estSpots":2,"calmTraffic":false,"excludedReason":null,"strips":1},"geometry":{"type":"Polygon","coordinates":[[[23.8073902,38.0053424],[23.80742,38.0053543],[23.8074706,38.005278],[23.8074399,38.0052656],[23.8073902,38.0053424]]]}},{"type":"Feature","properties":{"id":"res-psaron-lochagou-dedousi-arkadiou-r","category":"residents","street":"Ψαρών","from":"Λοχαγού Δεδούση","to":"Αρκαδίου","side":"r","zone":"Γ","zoneSource":"p1-strips","lengthM":44.5,"estSpots":7,"calmTraffic":false,"excludedReason":null,"strips":2},"geometry":{"type":"MultiPolygon","coordinates":[[[[23.8072868,38.0051297],[23.8072995,38.0051047],[23.8069465,38.0049916],[23.8069337,38.0050167],[23.8072868,38.0051297]]],[[[23.8074237,38.0051736],[23.8074364,38.0051485],[23.8073205,38.005112],[23.8073078,38.005137],[23.8074237,38.0051736]]]]}},{"type":"Feature","properties":{"id":"res-psaron-aristotelous-lochagou-dedousi-r","category":"residents","street":"Ψαρών","from":"Αριστοτέλους","to":"Λοχαγού Δεδούση","side":"r","zone":"Γ","zoneSource":"p1-strips","lengthM":23.5,"estSpots":4,"calmTraffic":false,"excludedReason":null,"strips":2},"geometry":{"type":"MultiPolygon","coordinates":[[[[23.8064648,38.0048953],[23.8064775,38.0048702],[23.806345,38.0048281],[23.8063322,38.0048531],[23.8064648,38.0048953]]],[[[23.8066549,38.004956],[23.8066677,38.0049309],[23.8065526,38.0048948],[23.8065398,38.0049199],[23.8066549,38.004956]]]]}},{"type":"Feature","properties":{"id":"res-psaron-panagi-tsaldari-aristotelous-r","category":"residents","street":"Ψαρών","from":"Παναγή Τσαλδάρη","to":"Αριστοτέλους","side":"r","zone":"Γ","zoneSource":"p1-strips","lengthM":98.0,"estSpots":16,"calmTraffic":false,"excludedReason":null,"strips":1},"geometry":{"type":"Polygon","coordinates":[[[23.8049627,38.0043127],[23.8059804,38.0046747],[23.805994,38.0046503],[23.8049764,38.0042882],[23.8049627,38.0043127]]]}},{"type":"Feature","properties":{"id":"res-psaron-17is-noemvriou-panagi-tsaldari-r","category":"residents","street":"Ψαρών","from":"17ης Νοεμβρίου","to":"Παναγή Τσαλδάρη","side":"r","zone":"Γ","zoneSource":"p1-strips","lengthM":89.0,"estSpots":14,"calmTraffic":false,"excludedReason":null,"strips":5},"geometry":{"type":"MultiPolygon","coordinates":[[[[23.8038568,38.0038849],[23.8037454,38.0038463],[23.8037319,38.0038709],[23.8038433,38.0039095],[23.8038568,38.0038849]]],[[[23.8042364,38.0040243],[23.8040682,38.0039638],[23.8040547,38.0039884],[23.8042229,38.0040489],[23.8042364,38.0040243]]],[[[23.8043943,38.0040804],[23.8042574,38.0040316],[23.8042439,38.0040562],[23.8043802,38.0041056],[23.8043943,38.0040804]]],[[[23.8044159,38.0040871],[23.8044016,38.0041112],[23.8046794,38.0042122],[23.8046937,38.0041881],[23.8044159,38.0040871]]],[[[23.8047153,38.0041948],[23.8047004,38.0042195],[23.8049314,38.0043009],[23.8049463,38.0042762],[23.8047153,38.0041948]]]]}},{"type":"Feature","properties":{"id":"res-psaron-doridos-17is-noemvriou-r","category":"residents","street":"Ψαρών","from":"Δωρίδος","to":"17ης Νοεμβρίου","side":"r","zone":"Β","zoneSource":"p1-strips","lengthM":33.6,"estSpots":5,"calmTraffic":false,"excludedReason":null,"strips":1},"geometry":{"type":"Polygon","coordinates":[[[23.8030264,38.0036392],[23.8033791,38.003755],[23.8033927,38.0037304],[23.8030399,38.0036146],[23.8030264,38.0036392]]]}},{"type":"Feature","properties":{"id":"res-psaron-nik-vitali-doridos-r","category":"residents","street":"Ψαρών","from":"Νικ. Βιτάλη","to":"Δωρίδος","side":"r","zone":"Β","zoneSource":"p1-strips","lengthM":66.5,"estSpots":11,"calmTraffic":false,"excludedReason":null,"strips":4},"geometry":{"type":"MultiPolygon","coordinates":[[[[23.8021758,38.0033644],[23.8020303,38.0033181],[23.8020175,38.0033431],[23.802163,38.0033895],[23.8021758,38.0033644]]],[[[23.8023335,38.0034146],[23.8021995,38.0033715],[23.8021867,38.0033966],[23.8023207,38.0034396],[23.8023335,38.0034146]]],[[[23.802618,38.0035052],[23.8023622,38.0034228],[23.8023494,38.0034479],[23.8026052,38.0035302],[23.802618,38.0035052]]],[[[23.8028612,38.0035572],[23.8026955,38.003504],[23.8026827,38.0035291],[23.8028484,38.0035823],[23.8028612,38.0035572]]]]}},{"type":"Feature","properties":{"id":"res-psaron-sokratous-nik-vitali-r","category":"residents","street":"Ψαρών","from":"Σωκράτους","to":"Νικ. Βιτάλη","side":"r","zone":"Β","zoneSource":"p1-strips","lengthM":39.1,"estSpots":6,"calmTraffic":false,"excludedReason":null,"strips":1},"geometry":{"type":"Polygon","coordinates":[[[23.8013635,38.0031301],[23.8017757,38.0032627],[23.8017885,38.0032377],[23.8013763,38.003105],[23.8013635,38.0031301]]]}},{"type":"Feature","properties":{"id":"res-psaron-pythagora-sokratous-r","category":"residents","street":"Ψαρών","from":"Πυθαγόρα","to":"Σωκράτους","side":"r","zone":"Β","zoneSource":"p1-strips","lengthM":53.1,"estSpots":9,"calmTraffic":false,"excludedReason":null,"strips":2},"geometry":{"type":"MultiPolygon","coordinates":[[[[23.8010268,38.0030351],[23.8010388,38.0030095],[23.8005423,38.0028591],[23.8005296,38.0028842],[23.8010268,38.0030351]]],[[[23.8011504,38.0030726],[23.8011624,38.003047],[23.8010964,38.0030271],[23.8010836,38.0030521],[23.8011504,38.0030726]]]]}},{"type":"Feature","properties":{"id":"res-psaron-themistokleous-pythagora-r","category":"residents","street":"Ψαρών","from":"Θεμιστοκλέους","to":"Πυθαγόρα","side":"r","zone":"Β","zoneSource":"p1-strips","lengthM":21.3,"estSpots":3,"calmTraffic":false,"excludedReason":null,"strips":1},"geometry":{"type":"Polygon","coordinates":[[[23.7999143,38.0027013],[23.80014,38.0027707],[23.8001515,38.0027457],[23.7999265,38.0026768],[23.7999143,38.0027013]]]}}]}
